date,1,2,3,4,5,6,7,8,9,10,H-L
193101,19.33,15.21,5.6,10.72,10.07,8.94,7.21,8.34,5.47,3.62,-15.71
193102,17.34,16.04,12.5,8.78,10.23,6.31,5.46,6.94,11.41,15.89,-1.45
193103,2.79,-3.67,-3.44,-9.8,-10.23,-8.99,-11.62,-5.5,-4.75,-4.67,-7.46
193104,-9.83,-17.52,-13.06,-12.24,-11.89,-10.11,-10.38,-6.06,-12.31,-9.14,0.69
193105,-23.98,-16.44,-18.52,-12.03,-14.52,-13.59,-11.13,-11.98,-16.55,-12.96,11.02
193106,20.88,22.06,22.27,15.04,21.05,16.98,12.28,13.4,15.66,13.92,-6.96
193107,0.27,-6.31,-4.44,-3.66,-5.84,-9.13,-7.88,-7.19,-8.46,-5.8,-6.07
193108,-8.75,2.25,-6.88,-0.67,-2.19,2.22,-0.07,-0.32,1.39,-2.02,6.73
193109,-40.99,-36.34,-36.73,-33.61,-31.05,-29.29,-27.24,-24.5,-28.15,-32.81,8.18
193110,8.48,21.8,10.34,20.11,7,3.7,5.45,9.48,6.56,10.11,1.63
193111,9.03,-12.85,-10.47,-7.97,-11.34,-11.94,-11.32,-10.86,-8.74,-5.98,-15.01
193112,-25.51,-17.87,-22.29,-20.22,-17.83,-21.18,-15.45,-12.61,-11.94,-9.72,15.79
193201,10.91,6.97,4.88,-2.12,5.23,2.82,2.58,2.48,-3.8,-5.07,-15.98
193202,1.41,3.67,5.83,-1.77,7.41,3.6,-1.41,4.62,8.09,7.39,5.98
193203,-11.75,-15.41,-8.06,-6.48,-11.07,-14.56,-10.87,-8.02,-13.66,-10.62,1.13
193204,-11.45,-22.29,-17.33,-9.51,-16.2,-10.68,-19.68,-20.02,-19.96,-18.44,-6.99
193205,-16.11,-12.02,-19.23,-25.72,-19.72,-24.83,-20.36,-19.58,-15.22,-26.76,-10.65
193206,7.16,-3.1,9.61,1.91,0.7,6.94,7.61,-0.08,-5.72,2.63,-4.53
193207,43.6,57.16,59.32,45.73,51.61,47.33,38.59,36.95,39.94,26.59,-17.01
193208,76.47,67.73,57.57,49.85,55.26,42.76,48.21,35.28,33.1,30.68,-45.79
193209,-19,-14.73,-6.92,-10.31,-0.83,-8.97,-6.12,-1,-3.63,-0.31,18.69
193210,-16.76,-21.3,-17.32,-20.95,-20.84,-18.16,-13.91,-14.33,-13.29,-8.59,8.17
193211,-3.01,-18.07,-11.82,-9.54,-10.5,-9.95,-7.4,-10.07,-3.08,-3.41,-0.4
193212,-8.68,-9.33,-6.27,-1.29,-1.4,-1.6,-1.01,5.47,7.48,6.27,14.95
193301,-2.7,13,6.93,3.08,7.79,0.76,4.34,2.07,1.4,0.06,2.76
193302,-15.3,-23.05,-22.2,-14.55,-19.85,-17.82,-16.45,-17.86,-15.8,-11.43,3.87
193303,16.58,15.47,3.66,9.91,12.65,11.83,6.42,7.99,5.56,-3.23,-19.81
193304,66.55,89.33,63.83,61.08,63.59,54.7,60.35,44.42,33.62,21.56,-44.99
193305,91.63,64.6,49.14,38.83,37.96,25.29,22.26,24.44,12.05,14.36,-77.27
193306,18.86,22.08,22.91,18.36,13.95,17.91,21.1,11.4,12.89,7.63,-11.23
193307,-4.21,-10.14,-8.88,-12.35,-13.22,-7.21,-13.96,-12.8,-7.22,-6.18,-1.97
193308,7.25,14.28,18.6,20.91,21.22,18.17,14.6,16.1,9.86,6.73,-0.52
193309,-14.55,-24.6,-21.79,-15.87,-14.64,-14.49,-11.52,-7.94,-10.35,-5.77,8.78
193310,-13.1,-18.26,-15.31,-13.04,-14.21,-10.82,-11.53,-5.88,-9.26,-5.73,7.37
193311,0.61,11.89,11.71,11.41,14.7,17.62,13.8,15.39,8.9,4.98,4.37
193312,0.65,2.94,1.26,2.15,1.77,3.27,5.5,3.77,1.98,-1.22,-1.87
193401,38.01,37.12,31.24,23.42,15.07,15.51,16.49,11.95,9.52,6.53,-31.48
193402,4.34,-2.07,-1.7,0.71,-3.54,-2.61,-3.2,-3.2,-3.22,-1.27,-5.61
193403,2.04,-0.59,1.36,-0.08,0.81,-0.63,-0.75,0.53,0.25,0.3,-1.74
193404,-3.36,-7.73,-1.36,-4.82,-4.54,-4.86,-3.17,-1.08,-1.03,1.09,4.45
193405,-12.13,-11.23,-12.6,-13.54,-13.11,-10.04,-8.75,-8.87,-5.26,-2.15,9.98
193406,-4.91,-3.91,2.96,3.26,5.81,2.56,0.21,3.52,2.04,4.68,9.59
193407,-26.25,-27.71,-26.89,-22.59,-14.31,-16.63,-10.47,-10.33,-4.75,-4.83,21.42
193408,16.92,11.9,10.62,10.79,6.27,5.78,4.88,6.6,3.32,4.18,-12.74
193409,1.94,-4.02,2.55,0.33,-0.76,0.8,-0.04,-0.21,-0.91,0.28,-1.66
193410,-7.06,-7.24,-6.92,-4.34,-2.66,-4.89,-2.17,-1.34,0.9,1.51,8.57
193411,5.98,8.6,10.07,13.57,12.43,10.18,7.83,6.58,6.95,8.43,2.45
193412,-6.3,-3.63,0.21,0.43,-0.79,1.34,-1,0.74,0.26,0.38,6.68
193501,-8.41,-8.04,-7.67,-6.61,0.21,-6.94,-4.22,-1.98,-3.24,-2.39,6.02
193502,-14.92,-10.62,-10.77,-6.04,-5.01,-4.21,0.53,-1.17,-0.27,2.22,17.14
193503,-6.02,-1.24,-6.14,-4.58,-3.44,-2.36,-2.83,-2.81,-5.44,-2.72,3.3
193504,10.74,17.01,13.38,7.59,11.25,12.03,10.4,9.5,5.29,7.22,-3.52
193505,15.44,7.2,1.79,6.92,5.59,1.53,4.65,2.55,2.33,3.55,-11.89
193506,6.13,10.55,6.78,6.73,8.05,7.82,4.42,6.87,4.43,5.8,-0.33
193507,18.62,17.25,14.31,10.21,10.08,6.9,5.01,8.49,3.5,5.18,-13.44
193508,17.26,13.72,4.99,3.95,1.39,3.64,1.25,4.02,-0.06,-0.63,-17.89
193509,-1.75,0.63,2.85,4.89,2.54,3.27,2.95,2.97,1.5,1.96,3.71
193510,9.94,11.33,12.2,7.83,8.98,8.35,4.41,7.31,3.68,6.93,-3.01
193511,18.09,4.26,13.3,6.09,5.73,4.83,4.96,3.45,3.46,1.88,-16.21
193512,5.95,7.93,7.38,4.76,6.69,3.48,3.66,3.18,2.85,2.71,-3.24
193601,26.37,11.5,8.62,7.47,6.72,6.3,5.94,4.19,4.29,3.34,-23.03
193602,-1.84,5.52,1.9,4.04,1.97,4.89,2.1,0.23,2.51,1.71,3.55
193603,0.88,-0.32,-1.16,-1.07,-0.81,-2.31,7.02,0.74,-0.54,1.58,0.7
193604,-14.11,-11.02,-10.56,-9.69,-8.94,-8.19,-8.3,-6.34,-7.35,-3.52,10.59
193605,10.81,7.97,6.56,5.91,6.57,5.13,3.48,4.36,6.7,4.7,-6.11
193606,1.3,1.74,0.67,1.44,2.33,2.79,4.03,2.36,3.2,2.18,0.88
193607,11.6,11.23,13.54,9.68,9.81,4.15,3.82,6.61,8.34,3.68,-7.92
193608,-1.16,1.85,4.96,1.25,2.97,1.79,0.2,-0.47,-0.07,0.77,1.93
193609,4.09,-1.56,-2.17,0.63,-0.23,0.25,0.32,3.28,1.85,3.78,-0.31
193610,4.17,7.27,7.76,9.82,7.08,9.24,8.42,6.08,7.04,3.73,-0.44
193611,-2.05,0.64,0.06,0.08,4.86,1.35,3.96,3.76,5.94,3.89,5.94
193612,-0.02,-0.75,-0.4,3.36,0.61,3.43,1.54,-3.67,0.34,-2.72,-2.7
193701,5.09,2.77,8.45,3.65,0.74,1.23,4.86,5.01,1.71,4.57,-0.52
193702,0.02,3.6,-1.18,-0.29,0.98,3.18,-1.84,3.39,2.52,0.88,0.86
193703,-4.48,0.78,-3.37,-0.52,-0.04,-1.41,0.07,3.06,0.01,1.32,5.8
193704,-9.31,-9.43,-5.23,-5.76,-7.06,-6.49,-7.15,-10.28,-8.35,-7.19,2.12
193705,-7.77,-2.61,-0.45,-3.22,-0.75,-1.21,0.86,1.61,-0.42,1.2,8.97
193706,-8.01,-4.46,-1.09,-4.94,-6.22,-2.77,-3.77,-7.18,-3.49,-5.89,2.12
193707,15,10.54,7.17,9.52,9.53,7.9,9.48,6.72,11.47,12.13,-2.87
193708,-8.4,-5.43,-6.02,-3.41,-9.17,-5.42,-3.41,-3.78,-3.47,-2.07,6.33
193709,-21.73,-14.56,-16.23,-11.24,-8.52,-16.56,-16.86,-15.03,-10.91,-15.91,5.82
193710,-10.46,-6.12,-10.63,-5.99,-8.32,-8.21,-9.72,-12.66,-11.63,-13.34,-2.88
193711,-0.48,-3.3,-7.36,-6.81,-7.25,-6.41,-11.33,-10.08,-10.63,-13.88,-13.4
193712,-13.83,-5.3,-2.17,-6.29,-4.7,-2,-1.77,-6.09,-4.39,-7.6,6.23
193801,-2.29,1.1,0.43,0.59,-0.75,0.74,2.44,0.02,2.89,-2.19,0.1
193802,3.54,5.15,2.97,6.69,7,6.65,5.86,6.69,8.59,8.9,5.36
193803,-19.37,-17.85,-21.95,-24.49,-28.25,-24.92,-25.15,-29.6,-30.49,-34.06,-14.69
193804,14.96,12.93,13.73,15.93,15.13,10.46,14.91,17.24,21.98,19.89,4.93
193805,0.45,-0.09,-1.39,-2.02,-4.19,-5.98,-7.89,-8.56,-5.99,-4.59,-5.04
193806,24.52,16.67,18.25,16.48,18.14,20.4,29.58,34,35.2,30.82,6.3
193807,3.18,5.34,7.56,7.38,4.08,3.63,10.65,6.56,10.57,9.67,6.49
193808,-5.67,-6.88,-2.75,-3.89,-1.81,-6.1,0.83,-1.44,-3.99,-3.58,2.09
193809,1.88,-0.48,-0.87,0.41,1.25,1.17,1.38,1.18,1.51,0.39,-1.49
193810,14.08,15.6,14.92,6.36,9.75,4.55,7.89,7.15,10.71,6.66,-7.42
193811,-4.49,-6.46,-5.84,-3.28,-0.73,-0.66,-0.25,-1.87,-3.44,-1.32,3.17
193812,3.65,6.76,4.22,5.94,4.02,3.14,4.39,4.88,4.05,2.87,-0.78
193901,-8.85,-9.37,-4.62,-6,-6.94,-6.08,-4.53,-3.29,-8.42,-7.27,1.58
193902,7.07,7.11,6.88,5.29,3.17,4.03,3.07,4.04,1.97,1.79,-5.28
193903,-26.38,-24.57,-19.51,-15.86,-14.64,-11.91,-8.93,-6.96,-12.69,-15.05,11.33
193904,1,1.2,0.92,0.22,-1.23,1.2,-0.21,-0.29,0.68,-2.12,-3.12
193905,12.33,9.28,9.18,8.55,5.87,5.97,5.74,6.65,7.73,7.06,-5.27
193906,-14.21,-10.94,-10.77,-10.13,-5.4,-5.13,-3.17,-5.11,-6.2,-4.56,9.65
193907,20.54,18.01,14.83,9.44,8.88,6.77,9.91,8.76,13.04,11.71,-8.83
193908,-11.97,-11.08,-8.03,-5.86,-8.75,-4.11,-6.5,-7.13,-6.9,-10.36,1.61
193909,44.5,31.03,29.38,11.9,14.13,13.87,11.24,19.69,20.72,17.07,-27.43
193910,-5.12,-4.43,-4.05,-1.01,0.81,-0.1,0.23,-0.8,-2.34,1.31,6.43
193911,-14.02,-8.19,-6.62,-2.86,-1.97,-1.09,-3.91,-3.2,-5.4,-5.83,8.19
193912,2.32,1.5,1.23,1.48,3.33,1.5,3.64,2.76,5.03,3.06,0.74
194001,5.09,-2.1,-0.81,-1.1,-0.37,-1.05,-2.76,-3.89,-4.72,-4.17,-9.26
194002,3.14,3.73,0.84,0.79,1.06,0.79,1.73,1.11,2.22,3.2,0.06
194003,1.46,2.58,1.73,1.71,1.17,1.16,1.7,2.32,2.35,2.8,1.34
194004,2.63,-1.46,1.75,-0.22,-0.06,-0.19,0.35,0.24,-0.52,0.69,-1.94
194005,-28.69,-29.2,-24.47,-22.79,-21.07,-21.89,-22.99,-19.6,-24.27,-22.38,6.31
194006,6.81,7.76,7.66,9.26,7.39,7.27,6.51,6.91,4.68,3.95,-2.86
194007,6.02,1.79,1.86,1.72,1.91,2.51,4.52,2.92,5.53,3.36,-2.66
194008,1.68,2.65,3.33,1.3,2.35,2.08,1.56,2.54,3.55,1.51,-0.17
194009,2.61,1.07,1.18,3.63,1.45,1.23,2.81,2.61,2.62,3.72,1.11
194010,7.05,9.41,3.54,0.42,2.62,2.44,2.1,3.01,6.27,5.24,-1.81
194011,-10.57,-2.75,-4.32,-3.65,-3.81,-1.39,-1.16,-1.4,1.24,1.65,12.22
194012,-2.09,-2.69,-2.34,0.8,1.4,0.28,-1,1.11,3.44,0.46,2.55
194101,2.12,-0.88,-3.53,-0.77,-1.68,-1.66,-5.28,-4.15,-6.12,-6.79,-8.91
194102,-2.76,-1.67,-3.51,-0.1,-0.74,-0.54,-2.04,-0.26,-2.27,-2.61,0.15
194103,4.96,-0.2,1.64,4.28,2.56,-0.18,-0.32,0.42,1.22,2.13,-2.83
194104,-4.03,-5.58,-5.61,-3.35,-2.08,-5.35,-7.66,-6.28,-5.85,-4.08,-0.05
194105,0.92,-0.1,3.39,3.22,4.77,1.84,0.78,-0.23,2.36,0.78,-0.14
194106,5.49,5.12,4.08,4.41,7.06,5.18,4.76,8.35,5.46,6.55,1.06
194107,20.18,12.89,12.4,10.37,9.16,7.04,5.47,4.34,2.73,6.7,-13.48
194108,-2.11,-1.19,-3.2,-2.7,-1.19,-0.97,0.76,0.73,0.45,-0.84,1.27
194109,-3.21,-5.33,-3.22,-0.56,-2.41,-1.26,-1.46,2.07,-0.45,-1.43,1.78
194110,-7.69,-9.74,-3.97,-6.44,-2.23,-3.29,-8.09,-7.5,-3.74,-4.35,3.34
194111,-4.74,-6.21,1.16,-0.9,0.43,-3.45,-2.18,-1.7,-2.68,-0.82,3.92
194112,-13.15,-9.79,-10.14,-8.83,-8.07,-7.25,-0.41,-6.58,-4.65,-1.44,11.71
194201,24.24,14.3,13.68,7.61,4.63,2.94,1.72,1.31,-3.47,-2.48,-26.72
194202,-0.49,-1.63,0.29,-0.59,-2.19,-4.17,-1.46,-1.68,-3.28,-2.61,-2.12
194203,-6.15,-5.67,-6.53,-6.42,-4.83,-5.9,-6.93,-5.1,-7.84,-7.07,-0.92
194204,-4.92,-5.22,-3.23,-3.35,-4.1,-3.71,-2.29,-5.41,-4.47,-6.45,-1.53
194205,-0.89,1.96,3.99,-1.33,1.64,6.79,5.56,9.11,6.45,6.91,7.8
194206,1.85,3.83,1.78,1.66,2.77,3.29,2,4.12,1.86,3.8,1.95
194207,8.7,8.5,7.06,5.81,4.83,2.66,4.22,2.35,2.66,3.26,-5.44
194208,1.58,2.81,1.67,0.74,2.95,2.29,2.03,1.94,1.48,1.82,0.24
194209,10.53,3.3,5.8,1.98,3.37,3.67,2.37,1.79,2.46,1.14,-9.39
194210,23.6,16.57,9.35,10.36,8.61,6.96,4.74,5.93,4,4.32,-19.28
194211,2.08,-3.5,-2.28,0.34,-0.99,0.85,-0.18,0.84,1.62,-2.5,-4.58
194212,2.12,6.21,6.68,7.97,4.65,5.83,3.78,5.94,3.06,3.52,1.4
194301,24.83,14.47,14.16,8.64,7.75,4.83,5.81,5.59,6.49,8.12,-16.71
194302,25.75,14.68,7.06,7.29,3.5,7.08,4.6,5.62,4.82,5.39,-20.36
194303,12.16,10.08,12,6.02,6.58,5.3,2.86,5.43,7.98,7.17,-4.99
194304,8.83,4.22,1.11,0.98,-0.33,0.57,-0.24,-0.57,1.06,0.75,-8.08
194305,18.47,6.67,8.36,5.43,6.55,4.39,5.57,5.05,5.32,3.78,-14.69
194306,-2.9,1.14,2.51,1.4,2.08,2.17,0.96,0.76,3.9,1.07,3.97
194307,-12.59,-6.62,-3.62,-5.97,-4.11,-2.29,-4.97,-5.03,-6.94,-3.52,9.07
194308,-2.08,1.91,0.18,1.01,2.11,0.34,1.39,2.29,1.99,0.71,2.79
194309,6.49,5.13,4.5,2.44,3.23,1.89,1.6,1.25,2.53,2.82,-3.67
194310,-1.84,-1.79,-1.01,-2.74,-1.03,-1.21,-0.56,-0.07,-0.17,-0.23,1.61
194311,-14.19,-12.19,-7.33,-5.15,-7.17,-6.36,-3.8,-5.25,-6.53,-7.97,6.22
194312,14.37,11.95,7.6,6.27,5.19,5.83,5.27,7.14,6.82,7.76,-6.61
194401,5.53,4.43,3.35,3.37,1.37,0.62,0.94,2.27,2.07,1.81,-3.72
194402,3.08,0.54,-0.83,-2,0.06,0.27,2.12,1.47,1.26,1.05,-2.03
194403,4.99,3.01,2.17,2.33,1.58,2.55,3.21,2.22,4.05,4.15,-0.84
194404,-1.74,-1.67,-1.07,-1.34,-1.4,-1.4,-2.06,-2.49,-2.53,-3.13,-1.39
194405,5.4,4.13,4.16,3.69,6.29,5.47,7.27,5.87,5.78,5.48,0.08
194406,8.77,4.66,4.86,7.45,5.08,3.1,4.95,8.69,3.28,8.53,-0.24
194407,-0.05,-0.96,-1.23,-1.25,-3.12,-1.53,0.18,-2.63,-1.59,-2.94,-2.89
194408,3.2,2.23,1.41,1.75,2.97,-0.84,0.61,2.34,1.34,-1.02,-4.22
194409,-2.27,0.07,0.52,0.62,0.45,-0.12,-0.25,-0.49,-0.14,0.3,2.57
194410,-1.38,-0.24,0,-0.13,1.72,0.83,0.38,0.42,0.13,-0.69,0.69
194411,-0.89,0.38,0.68,1.41,2.47,3.13,2.48,2.87,2.73,4.56,5.45
194412,7.74,2.1,3.46,2.4,2.79,3.14,5.15,7.74,8.34,9.97,2.23
194501,4.16,2.18,1.18,0.87,1.59,3.96,4.14,0.88,2.41,2.01,-2.15
194502,6.24,5.35,5.45,6.41,7.58,5.41,6.4,7.17,8.43,6.76,0.52
194503,-4.51,-3.35,-1.98,-2.92,-5.08,-4.93,-5.53,-4.89,-4.81,-4.47,0.04
194504,7.8,7.93,5.82,7.53,8.66,8.64,8.66,9.33,8.98,10.39,2.59
194505,3.15,2.04,1.68,0.92,2.2,1.14,1.98,1.51,1.48,1.67,-1.48
194506,1.23,1.6,-1.08,-0.22,-1.11,0.05,0.39,0.67,0.82,2.55,1.32
194507,-1.78,0.28,-1.62,-1.33,-3.56,-4.06,-4.37,-3.75,-3.24,-5.26,-3.48
194508,5.78,5.61,7.26,6.05,7.88,5.86,6.2,9.27,5.1,5.46,-0.32
194509,6.4,3.25,5.83,4.27,1.46,5.03,4.31,5.82,6.1,7.99,1.59
194510,2.13,2.45,4.89,2.95,4.67,3.5,7.81,6,7.98,7.98,5.85
194511,3.76,2.54,7.09,3.52,6.55,6.98,7.19,9.03,8.11,11.41,7.65
194512,1.16,0.75,0.31,1.62,0.9,0.4,1.31,2.5,3.12,2.76,1.6
194601,8.5,4.01,6.58,7.24,5.94,5.64,4.99,3.65,9.13,7.64,-0.86
194602,-4.75,-5.8,-4.26,-6.95,-7.06,-5.79,-4.82,-6.59,-8.52,-7.3,-2.55
194603,4.28,4.96,7.51,3.5,5.96,5.95,9.02,9.57,9.99,5.85,1.57
194604,3.66,3.9,5.01,2.67,7.57,3.98,6.39,3.33,3.57,2.05,-1.61
194605,3,3.74,3.16,3.22,4.06,4.98,4.44,7.67,5.91,5.12,2.12
194606,-1.87,-3,-3.8,-3.37,-6.21,-5.21,-6.93,-5.33,-4.95,-4.72,-2.85
194607,-1.42,-1.94,-2.02,-3.65,-4.3,-2.68,-4.08,-2.52,-5.11,-5.07,-3.65
194608,-6.15,-5.57,-5.98,-5.82,-7.24,-6.89,-6.5,-8.19,-7.65,-8.27,-2.12
194609,-8.25,-7.22,-8.33,-11.2,-10.45,-12.75,-11.81,-13.4,-15.21,-18.48,-10.23
194610,-2.22,-0.49,-0.18,-1.92,-1.85,-1.29,-0.82,-3.82,0.42,-2.39,-0.17
194611,1.84,0.54,-1.07,0.34,-1.01,0.34,-1.24,-1.48,-1.04,-5.6,-7.44
194612,4.96,4.79,4.25,5.15,5.61,4.25,7.34,6.77,3.72,4.68,-0.28
194701,0.02,1.77,3.62,4.56,0.21,1.1,-1.3,1.65,2.49,-0.14,-0.16
194702,-1.08,-1.04,-1.68,0.15,-1.81,0.58,-1.59,0.18,-1.45,-1.87,-0.79
194703,-0.91,-0.47,-1.29,-1.92,-1.63,-2.28,-3.48,-2.48,-5.29,-5.49,-4.58
194704,-3.34,-3.07,-3.44,-5.35,-5.87,-6.16,-7.4,-7.44,-9.07,-11.03,-7.69
194705,-0.86,-0.85,1.98,-0.45,-2.07,-1.46,-1.54,-3.6,-3.63,-3.98,-3.12
194706,2.72,6.15,6.5,4.77,8.09,7.33,6.01,4.87,6.45,8.44,5.72
194707,2.55,3.2,4.52,4.13,4.31,7.24,5.19,5.87,8.68,7.95,5.4
194708,-1.76,-0.87,-1.89,-1.54,-2.03,-1.01,-2.53,-3.33,-4.09,-3.39,-1.63
194709,-0.01,-0.98,-1.02,-1.97,-0.19,-1.43,1.71,2.01,-0.82,2.12,2.13
194710,2.02,1.33,3.3,1.66,3.82,3.41,3.47,3.39,3.22,2.36,0.34
194711,-1.5,-1.07,-0.83,-3.16,-1.06,-3.17,-2.2,-2.27,-3.98,-5.19,-3.69
194712,2.08,3.06,3.56,4.35,3.73,3.98,2.4,3.36,3.77,-0.54,-2.62
194801,-3.08,-4.18,-2.67,-3.51,-4.09,-4.96,-3.48,-4.05,-4.18,-3.61,-0.53
194802,-4.67,-3.02,-4.44,-4.36,-3.94,-4.83,-4.84,-5.83,-6.9,-8.12,-3.45
194803,9.66,5.28,7.07,9.72,10.58,10.45,8.57,9.85,11.39,12,2.34
194804,1.4,4.06,3.99,2.63,4.72,4.78,3.03,3.4,3.34,4.25,2.85
194805,13.33,5.64,7.21,6.51,6.49,8.02,7.71,7.13,7.26,11.51,-1.82
194806,-0.68,-1.43,0.17,0.28,1,0.56,0.56,-1.23,-3.09,-1.25,-0.57
194807,-5.15,-4.42,-3.12,-5.28,-5.07,-5.48,-4.26,-7.52,-6.03,-5.71,-0.56
194808,0.27,0.21,0.14,0.47,-0.33,1.22,0.75,1.08,1.51,-0.05,-0.32
194809,-1.88,-2.1,-2.09,-3.2,-3.07,-3.39,-3.16,-4.68,-4.3,-4.12,-2.24
194810,6.03,4.66,6.13,7.62,5.93,6.41,6.19,6.46,6.29,5.31,-0.72
194811,-9.85,-7.79,-8.94,-8.64,-10.15,-9.23,-9.77,-10.5,-10.54,-12.76,-2.91
194812,3.69,2.57,5.02,2.43,1.64,5.1,2.35,3.29,2.53,3.66,-0.03
194901,2.65,1.15,0.62,0.44,-0.34,0.34,-2.03,-0.23,1.05,-0.48,-3.13
194902,-1.7,-1.95,-2.17,-1.99,-3.93,-3.19,-4.48,-3.19,-4.71,-2.76,-1.06
194903,5.39,3.51,4.29,4.23,3.32,3.1,4.52,5.61,5.27,4.88,-0.51
194904,-2.11,-2.18,-0.51,-1.52,-0.75,-2.15,-3.2,-0.55,-3.54,-3.24,-1.13
194905,-3.09,-2.35,-0.64,-2.1,-2.7,-4.86,-2.75,-4.08,-4.09,-4.22,-1.13
194906,-0.37,0.84,-0.28,0.52,-0.69,-0.32,1.08,1.13,0.32,1,1.37
194907,3.47,6.79,4.05,4.47,5.34,7.16,5.93,5.43,6.83,7.5,4.03
194908,-0.32,1.61,1.35,4.48,3.36,1.61,2.9,2.63,3.46,4.3,4.62
194909,2.19,3.04,2.09,2.77,3.34,3.82,3.41,2.26,4.42,4.81,2.62
194910,3.31,2.9,3.09,3.23,4.25,3.12,3.88,2.97,2.96,3.8,0.49
194911,-3.8,1.63,1.34,3.69,3.54,2.02,-1.3,1.44,2.04,1.84,5.64
194912,13.47,5.64,8.08,3.66,4.68,5.5,3.49,4.25,5.65,5.68,-7.79
195001,6.95,4.86,3.24,2.41,1.14,0.55,2.23,-0.42,2.31,1.01,-5.94
195002,2.46,-0.06,1.88,2.54,1.19,1.31,1.2,2.59,0.31,0.76,-1.7
195003,-0.1,-0.57,0.97,1.08,1.97,1.66,3.11,0.52,1.21,0.42,0.52
195004,7.61,3.91,5.04,4.92,1.65,4.35,4.66,4.43,2.17,4.33,-3.28
195005,-1.45,1.89,1.99,4.7,2.27,5.04,6.55,5.45,4.66,5.83,7.28
195006,-10.79,-10.17,-7.82,-7.17,-4.27,-4.8,-4.96,-5.49,-5.79,-6.57,4.22
195007,13.47,10.07,7.22,3.08,-0.59,-1.23,5.86,-1.85,3.15,2.78,-10.69
195008,0.47,4.11,2.63,2.88,5.31,3.76,4.51,7.08,6.58,4.81,4.34
195009,5.83,4.18,6.19,4.22,5.07,5.08,3.69,4.45,5.9,4.79,-1.04
195010,-0.61,-0.71,-0.16,-0.21,0.54,-0.8,0.07,0.68,-0.45,-1.1,-0.49
195011,4.63,3.86,5.52,1.77,0.72,-0.33,2.49,3.33,5.03,5.49,0.86
195012,19.94,11.41,9.23,6.36,4.3,3.79,3.29,5.53,5.73,8.07,-11.87
195101,10.74,9.25,6.82,7.31,3.78,6.3,6.67,6.84,3.72,5.17,-5.57
195102,-3.07,0.06,-0.94,1.64,1.41,2.78,2.36,1.73,1.41,0.37,3.44
195103,-5.32,-6.74,-2.81,-3.04,-1.68,-1.67,-2.8,-0.84,-1.91,-2.09,3.23
195104,2.98,5.99,3.59,4.29,2.19,2.22,3.37,7.39,5.12,7.2,4.22
195105,-8.13,-4.02,-1.36,-2.13,-0.93,-1.15,-1.97,-2.05,-3.39,-2.12,6.01
195106,-10.3,-7.8,-5.64,-4.96,-4.98,-1.09,-0.84,-0.97,-1.83,-3.61,6.69
195107,9.4,7.2,7.38,7.87,6.8,3.89,6.99,9.38,7.16,6.65,-2.75
195108,4.84,4.12,4.26,3.8,3.44,3.4,3.36,4.44,5.72,5.2,0.36
195109,3.18,3.81,1.9,0.52,0.32,2.86,1.93,-0.12,0.01,0.5,-2.68
195110,-4.2,-3.29,-1.89,-1.57,-2.53,-4.73,-0.27,-1.77,-4.64,-1.05,3.15
195111,1.93,-0.04,0.66,0.37,2.54,0.41,0.94,0.11,0.35,0.69,-1.24
195112,-0.19,1.51,0.47,1.69,3.04,2.38,6.07,2.84,4.53,3.18,3.37
195201,-0.05,2.12,0.34,1.45,1.02,1.13,2.36,1.17,1.57,1.88,1.93
195202,-1.74,-1.41,-0.93,-1.89,-3.31,-2.51,-4.2,-3.9,-1.71,-3.47,-1.73
195203,1.68,2.2,1.63,1.42,2.07,2.86,6.79,5.94,6.06,6.9,5.22
195204,-5.09,-3.17,-1.74,-3.64,-3.46,-4.84,-5.45,-5.27,-6.31,-5.89,-0.8
195205,1,1.06,1.57,2.13,1.78,3.51,4.28,3.25,4.53,3.94,2.94
195206,2.16,2.37,1.72,2.58,4.19,3.72,4.88,5.32,4.83,4.53,2.37
195207,0.67,0.28,0.27,1.96,2.27,0.47,0.48,1.22,1.9,0.34,-0.33
195208,0.12,1.12,-0.25,0.44,-0.82,0.66,-1.03,-1.66,-0.69,-1.85,-1.97
195209,-2.35,-0.5,-0.55,-1.67,-0.84,-0.36,-2.24,-3.28,-2.77,-1.49,0.86
195210,-1.87,1.98,0.39,-1.37,-1.53,-1.31,-1.27,-0.11,0.21,-1.75,0.12
195211,5.74,5.14,4.71,5.01,5.55,7.44,7.89,6.97,5.75,5.96,0.22
195212,2.56,1.77,1.9,1.96,2.77,2.14,2.98,3.19,4.92,2.27,-0.29
195301,4.08,3.53,1.15,2.45,0.26,-0.37,-0.26,-1.46,-0.85,-1.74,-5.82
195302,3.06,2.11,-0.05,-0.12,-0.36,-0.62,-0.12,-0.9,-0.21,-0.17,-3.23
195303,-3.13,-2.42,-0.35,0.41,-0.8,-0.62,-0.45,-2.98,-2.12,-1.34,1.79
195304,-2.06,-0.41,-0.72,-2.25,-1.42,-2.03,-1.62,-3.45,-4.19,-3.26,-1.2
195305,0.13,0.13,0.27,0.46,0.49,-0.01,-0.4,1.42,1.8,0.99,0.86
195306,-4.36,-3.71,-1.71,-0.5,-1.74,-2,-2.52,-2.29,-0.19,-2.53,1.83
195307,0.83,2.52,2.08,1.18,1.95,2.67,2.57,2.56,3.67,1.9,1.07
195308,-6.51,-5.76,-1.91,-2.66,-2.7,-3.57,-4.52,-5.25,-5.17,-5.89,0.62
195309,-1.01,1.05,0.49,0.05,-0.33,0.59,0.77,-0.73,0.17,0.86,1.87
195310,2.07,0.99,1.57,3.05,4.19,5.14,6.25,4.76,5.02,7.12,5.05
195311,2.09,-0.5,2.1,0.64,2.42,3.47,5.66,2.48,2.64,3.35,1.26
195312,-2.61,-0.33,-0.45,-0.53,-0.53,0.7,-0.08,-0.38,1.01,0.07,2.68
195401,7.13,2.92,5.79,4.41,3.68,4.1,5.45,6.32,7.45,5.02,-2.11
195402,0.72,1.56,1.47,0.47,1.4,1.71,1.85,2.16,1.95,2.12,1.4
195403,2.59,1.45,2.34,2.06,2.66,4.75,4.5,5.36,3.3,4.62,2.03
195404,-0.7,1.45,1.73,1.96,3.75,2.55,6.92,6.86,5.76,5.52,6.22
195405,2.02,1.4,3.85,3.27,4.15,3.75,6.03,1.05,3.53,3.91,1.89
195406,0.71,0.2,1.54,1.96,1.8,0.45,-2.04,3.25,-0.75,2.72,2.01
195407,4.24,6.45,4.39,4.83,4.08,2.55,4.72,4.11,7.29,7.7,3.46
195408,-1.82,-2.6,-1.22,-1.96,-0.79,-3.29,-2.13,-3.51,-1.59,-3.41,-1.59
195409,4.55,4.16,3,3.38,5.35,5.04,6.8,8.65,9.82,5.83,1.28
195410,-3.12,-1.22,-1.24,-1.29,-2.82,-0.33,-2.66,-0.82,-2.11,1.08,4.2
195411,7.85,7.68,8.73,5.25,10.29,8.44,8.88,13.27,8.88,11.93,4.08
195412,8.59,7.45,5.47,3.4,3.95,5.29,5.21,4.62,6.26,9.22,0.63
195501,0.13,-0.21,-0.25,0.7,0.21,0.87,0.01,-0.38,0.72,2.61,2.48
195502,2.47,1.27,2.39,3.35,3.61,1.9,3.17,4.37,2.77,2.4,-0.07
195503,-0.58,0.79,-0.83,-0.21,0.7,-0.38,0.73,-0.75,0.04,-0.72,-0.14
195504,3.22,2.1,3.83,2.4,3.33,3.01,4.37,5.37,2.27,2.91,-0.31
195505,0.24,0.65,-0.44,1.21,1.81,1.1,1.87,2.75,0.08,-0.35,-0.59
195506,3.31,2.97,3.14,1.58,3.18,5,9.53,11.58,6.24,7.66,4.35
195507,0.94,2.05,2.76,-0.34,1.45,0.53,-0.35,8.04,0.51,1.25,0.31
195508,-1.3,0.18,0.08,-0.49,0.69,1.2,2.39,0.32,-1.98,2.38,3.68
195509,0.03,-0.93,1.49,0.51,-0.58,-0.6,-2.08,-2.21,3.13,-1.13,-1.16
195510,-2.67,-2.14,-1.77,-1.17,-2.57,-2.73,-1.69,-2.17,-3.22,-2.44,0.23
195511,4.78,3.7,4.91,3.36,6.87,7.16,5.96,7.1,8.78,10.04,5.26
195512,2.35,0.78,0.13,0.73,0.63,0.06,2.5,2.06,-0.4,4.34,1.99
195601,-1.11,-1.98,-2.83,-0.58,-3.13,-1.64,-2.72,-3.36,-3.89,-3.43,-2.32
195602,2.76,3.72,1.72,1.96,3.71,5.03,3.77,4.34,4.98,4.38,1.62
195603,1.02,2.06,4.3,2.76,4.37,8.59,6.96,5.88,8.66,8.44,7.42
195604,-2.46,-0.32,0.54,-0.84,0.18,0.05,-1.28,-0.3,2.65,0.77,3.23
195605,-3.64,-3.58,-5.9,-2.96,-5.7,-3.89,-4.84,-5.55,-5.53,-5.38,-1.74
195606,1.93,0.82,2.15,1.89,3.08,2.26,4.28,2,6.52,5.89,3.96
195607,1.24,2.78,3.26,3.22,5.14,3.8,7.26,4.96,4.44,8.06,6.82
195608,-1.34,-2.6,-1.44,-2.26,-2.84,-3.54,-3,-4.91,-4.52,-1.64,-0.3
195609,-4.58,-2.78,-3.33,-5.23,-4.74,-5.74,-4.83,-5.32,-6.05,-4.83,-0.25
195610,-0.39,0.83,0.96,-0.49,0.67,-0.29,0.9,0.14,2.54,0.27,0.66
195611,1.57,3.69,3.41,2.39,1.38,1.82,0.65,0.93,-1.44,-1.15,-2.72
195612,3.06,4.14,1.82,1.16,2.76,1.21,4.03,5.08,5.13,2.93,-0.13
195701,2.4,-2.46,1.48,-1.43,-2.2,-3.49,-4.03,-3.28,-4.06,-6.63,-9.03
195702,-1.06,-1.41,-1.75,-1.06,-2.25,-2.01,-0.32,-2.34,-2.27,-2.38,-1.32
195703,3.64,2.28,1.81,1.53,2.63,1.84,1.58,3.43,3.47,1.61,-2.03
195704,2.14,1.77,1.9,2.91,2.17,5.19,3.87,6.41,6.36,5.36,3.22
195705,3.19,2.61,1.38,3.3,2.46,3.34,3.16,3.97,5.31,4.3,1.11
195706,-1.28,-1.42,-1.83,-0.76,-2.71,-2.45,-0.63,-0.92,-0.16,2.6,3.88
195707,-0.62,0.61,0.39,0.31,0.4,1.86,0.75,1.25,2.78,-0.51,0.11
195708,-3.34,-4.6,-1.15,-2.55,-3.27,-5.07,-7.54,-5.27,-5.21,-6.07,-2.73
195709,-4.94,-4.36,-2.83,-3.89,-3.5,-2.91,-6.56,-7.6,-6.29,-7.16,-2.22
195710,-7.87,-2.44,-2.19,-3.98,-3.57,-3.37,-5.3,-3.21,-3.93,-5.43,2.44
195711,2.28,1.87,2.42,4.07,3.73,1.77,3.79,1.44,1.79,3.72,1.44
195712,-9.88,-1.35,0.13,0.05,-0.76,-2.39,-4.94,-5.83,-4.94,-5.48,4.4
195801,12.17,10.15,4.63,6.51,6.01,4.13,4.95,4.01,2.56,5.73,-6.44
195802,0.19,-0.17,-0.66,0.41,-0.19,-1.23,-2.8,-1.75,-3.22,-1.14,-1.33
195803,3.89,3.45,2.92,1.73,3.87,3.97,3.81,2.83,4.89,2.57,-1.32
195804,3.8,1.98,3.96,2.83,2.53,2.5,2.46,4.79,4.01,2.31,-1.49
195805,4.8,2.83,3.05,2.23,2.13,3.06,2.28,2.67,0.58,3.68,-1.12
195806,3.26,3.2,1.64,2.29,2.03,3.78,3.11,2.92,3.24,3.37,0.11
195807,3.41,2.69,1.2,2.6,4.64,4.46,7.09,6.12,3.12,6.55,3.14
195808,3.21,1.84,1.65,1.85,0.51,1.23,2.85,1.82,2.15,2.17,-1.04
195809,6.4,3.86,4.07,4.14,3.62,4.74,3.04,4.2,6.18,5.54,-0.86
195810,5.4,3.65,1.22,2.46,1.84,3.69,0.14,2.28,2.12,5.28,-0.12
195811,3.9,4.16,2.78,2.87,3.73,3.29,3.9,2.27,2.9,2.78,-1.12
195812,3.75,2.72,4.94,8.49,5.61,3.29,4.31,4.78,4.01,7.19,3.44
195901,2.92,2.77,1.93,3.22,2.88,4.08,0.4,-1.15,-0.67,-0.24,-3.16
195902,-0.21,1.56,2.45,3.51,2.7,0.02,2.96,-0.6,-1.12,1.2,1.41
195903,0.3,1.77,-0.54,0.32,-0.18,0.8,0.88,0.36,0.98,0.28,-0.02
195904,4.42,4.77,2.06,3.39,1.6,0.69,3.96,4.33,5.1,4.96,0.54
195905,4.67,4.57,3.69,-0.73,3.48,-1.07,2.19,3.36,-0.36,5.77,1.1
195906,0.62,-1.39,-0.47,-0.61,0.51,-2.76,1.94,-1.15,1.28,1.94,1.32
195907,1.56,3.97,3.27,0.84,4.96,3.76,2.65,6.24,4.33,1.63,0.07
195908,-2.55,-2.96,-1.75,-0.24,-0.28,-0.35,-1.48,-0.58,-3.13,-1.59,0.96
195909,-4.28,-4.13,-4.85,-2.58,-3.69,-4.67,-5.13,-5.51,-5,-4.18,0.1
195910,4.56,0.65,2.7,1.11,1.03,1.31,0.36,1.04,3.57,1.05,-3.51
195911,0.74,1.14,2.31,-1.23,0.82,5.2,1.38,-0.08,2.45,3.77,3.03
195912,4.16,1.41,3.05,2.02,1.88,4,4.05,2.99,2.47,1.73,-2.43
196001,-5.38,-6.88,-6.44,-8.23,-4.43,-2.17,-7.51,-9.44,-8.66,-6.99,-1.61
196002,-0.74,0.12,2.26,-0.31,0.03,3.41,-0.33,1.53,1.65,2.5,3.24
196003,-5.06,-3.48,-3.2,-3.15,-1.71,-0.22,-1.1,-0.11,-0.31,-1,4.06
196004,-5.42,-0.46,-1.82,-3.99,-3.53,-1.41,-1.68,-2.83,0.33,1.36,6.78
196005,-0.47,0.03,1.03,2.38,0.6,1.59,2.11,3.17,5.71,9.47,9.94
196006,0.65,1.9,2.92,2.31,1.47,3.82,1.55,2.67,4.46,2.31,1.66
196007,-3.31,-1.46,-3.39,-0.43,-1.62,-4.47,-0.25,-3.8,-2.85,-2.33,0.98
196008,4.59,4.38,1.93,4.21,3.28,4.77,2,3.81,2.72,1.99,-2.6
196009,-7.66,-4.07,-3.88,-5.12,-4.38,-5.39,-6.35,-6.2,-8.33,-6.96,0.7
196010,-2.01,-0.06,-0.82,-0.32,-0.37,3.03,-0.18,-0.48,-1.72,-1.88,0.13
196011,1.92,3.64,3.37,2.29,5.18,5.06,4.47,5.17,4.85,8,6.08
196012,4.31,3.63,5.69,1.98,4.35,8.17,4,4.19,4.62,5.55,1.24
196101,12.21,8.77,10.34,7.35,7.1,5.33,6.8,4.43,3.84,4.93,-7.28
196102,3.66,0.57,2.72,4.3,2.81,4.43,1.42,4.76,4.32,6.58,2.92
196103,2.47,2.68,0.82,2.78,2.4,1.16,1.88,4.53,4.36,4.07,1.6
196104,3.23,1.46,-0.51,1.22,1.65,-1.1,-2.47,1.27,-0.37,0.64,-2.59
196105,4.59,1.48,1.9,3.04,4.45,4.12,4.61,2.49,1.17,1.57,-3.02
196106,-2.76,-4.73,-3.23,-2.06,-2.86,-3.42,-3.61,-3.08,-0.45,-2.53,0.23
196107,0.07,2.58,3.07,4.49,2.73,1.84,4.8,5.06,1.06,1.85,1.78
196108,0.95,1.08,0.86,1.47,3.54,4.93,2.2,1.46,3.33,4.98,4.03
196109,-7.94,-5.21,-4.77,-0.11,-1.14,-1.32,-0.63,-0.41,-2.29,-0.51,7.43
196110,-0.87,4.79,3.69,0.74,0.85,3.28,3.18,3.41,1.99,3.62,4.49
196111,1.28,4.73,3.48,5.52,4.77,4.4,2.51,4.35,6.98,2.36,1.08
196112,4.22,3.32,1.85,2.71,-1.41,-1.47,-0.93,0.63,-1.45,-1.75,-5.97
196201,4.61,2,-1.61,-2.45,-2.05,-3.07,-2.84,-4,-6.49,-6.24,-10.85
196202,2.45,3.05,2.68,2.19,0.26,2.26,2.77,1.56,3.65,-0.07,-2.52
196203,-4.52,-1.17,-1.11,0.27,-2,-0.17,0.15,-1.02,0.4,0.19,4.71
196204,-5.42,-4.7,-6.12,-5.73,-7.23,-5.41,-6.53,-5.19,-4.67,-10.67,-5.25
196205,-8.68,-4.19,-6.11,-4.94,-8.43,-8.51,-8.11,-8.98,-9.42,-12.49,-3.81
196206,-5.19,-6.66,-5.79,-7.61,-10.98,-6.62,-7.75,-7.98,-9.1,-12.38,-7.19
196207,5.42,4.77,3.35,6.29,3.4,6.9,5.59,7.6,7.78,9.8,4.38
196208,1.07,3.09,2.02,2.16,2.28,2.24,3.44,1.78,2.61,1.35,0.28
196209,-3.01,-3.79,-3.03,-4.2,-4.75,-2.8,-5.22,-5.03,-5.54,-8.36,-5.35
196210,0,0.46,0.27,3.11,2.56,0.01,-0.34,1.59,0,-2.44,-2.44
196211,15.36,11.18,11.06,9.48,11.85,11.51,10.75,8.06,11.72,14.69,-0.67
196212,-2.16,3.6,0.84,-1.12,3.34,-0.29,3.51,1.86,0.82,-0.43,1.73
196301,8.3,4.07,4.67,5.43,6.83,4.33,4.83,4.53,4.07,5.44,-2.86
196302,-2.35,-1.92,-2.76,-1.61,-2.39,-2.38,-1.58,-1.06,-2.13,-4.45,-2.1
196303,3.95,4.21,4.4,3.67,3.73,4.16,2.47,4.47,2.02,3.2,-0.75
196304,5.58,6.05,6.28,3.98,3.93,4.97,3.94,2.33,4.3,6.23,0.65
196305,3,2.34,3.41,0.35,4.76,1.09,0.97,1.16,0.11,2.97,-0.03
196306,-2.11,-1.52,-1.9,-2.09,-0.6,-3.2,-0.65,-0.48,-1.82,-2.81,-0.7
196307,0.02,-1.9,0.2,-0.27,0.83,0.77,0.17,-0.01,-0.52,-1.32,-1.34
196308,5.46,7,7.79,4.19,4.75,6.18,4.84,4.91,4.56,5.98,0.52
196309,-2.51,-0.28,-1.5,-2.43,-0.64,-1.09,-2.18,-3.5,0.65,-0.51,2
196310,0.35,1.62,2.77,2.11,2.67,6.62,5.06,0.03,3.36,1.79,1.44
196311,0.56,0.13,-0.58,-1.84,-0.2,-4.54,1.08,-0.21,-0.94,2.21,1.65
196312,-0.99,3.41,2.47,2.77,4.65,1.23,3.35,2.13,0.58,2.63,3.62
196401,4.95,2.55,1.22,1.84,1.49,4.88,2.49,3.27,2.95,2.07,-2.88
196402,2.73,1.28,3.41,1.62,1.49,0.91,1.92,2.55,1.29,2.02,-0.71
196403,7.32,5.62,2.89,3.76,2.21,3.79,1.06,-0.1,0.78,1.87,-5.45
196404,-4.54,-0.26,-2.31,-1.87,-0.46,-0.36,1.79,2.54,-1.3,1.29,5.83
196405,1.81,1.62,1.11,0.37,-0.64,1.74,3.46,1.03,2.06,1.73,-0.08
196406,2.02,0.18,1.73,1.37,1.64,0.9,0.74,2.75,1.66,1.86,-0.16
196407,1.78,-0.39,2.27,2.85,2.76,2.88,1.15,2.03,2.51,2.15,0.37
196408,-1.41,-0.91,-0.96,-2.17,-1.21,-1.11,-2.76,-0.91,-0.88,-0.75,0.66
196409,5.25,5.55,5.69,5.24,4.12,2.6,3.79,0.75,2.47,2.91,-2.34
196410,-2.82,0.62,1.58,0.56,1.43,2.29,1.21,0.85,0.1,2.07,4.89
196411,-4.21,-1.68,-0.78,-0.03,1.91,0.43,1.56,1.69,-1.08,1.51,5.72
196412,-1.61,-0.96,-2.11,-0.02,-0.04,0.53,-2.17,0.17,0.93,2.57,4.18
196501,5.55,6.17,5.59,5.1,8.23,4.67,3.68,3.71,1.04,3.41,-2.14
196502,5.74,4.2,2.78,1.45,1.96,-0.28,0.22,1.5,-0.77,0.18,-5.56
196503,-1.94,-0.74,-0.24,-0.06,0.43,-0.96,-1.38,-1.36,-0.94,-2.44,-0.5
196504,6.65,2.28,4.02,4,2.93,2.52,1.81,2.59,4.94,3.57,-3.08
196505,-0.93,-1.43,-1.38,-0.56,-0.31,0.22,-0.71,1.04,-1.83,-0.3,0.63
196506,-8.61,-6.04,-6.52,-4.96,-6.08,-5.37,-4.72,-4.47,-3.68,-3.85,4.76
196507,6.72,0.16,2.89,2.32,1.37,3.02,2.6,1.14,0.38,1.43,-5.29
196508,9.16,2.66,4.1,5.62,2.21,3.28,3.27,1.29,2.13,2.25,-6.91
196509,4.73,4.42,6.06,3.64,1.84,1.8,1.77,3.12,1.66,4.97,0.24
196510,7.27,4.88,3.01,4.81,2.16,2.09,-0.22,3.13,2.58,3.78,-3.49
196511,8.68,0.33,-0.53,1.74,-0.03,-3.19,1.23,0.44,0.89,-1.03,-9.71
196512,0.39,4.19,0.93,2.88,1.3,-0.2,0.15,0.83,1.32,1.25,0.86
196601,3.86,3.37,2.21,1.25,-0.76,-0.36,1.71,0.29,1.96,-0.13,-3.99
196602,1.96,0.02,-0.84,-0.5,1.38,-3.03,-2.94,-1.78,-2.77,-0.54,-2.5
196603,-2.52,-1.34,-2.67,-2.81,-3.13,-1.9,0.14,-1.71,-2.54,-3.34,-0.82
196604,5.82,4.08,1.16,1.81,2.79,3.94,1.39,2.7,2.69,-0.53,-6.35
196605,-9.76,-4.76,-4.5,-4.52,-3.54,-6.16,-4.28,-5.14,-5.02,-6.26,3.5
196606,1.94,0.31,-1.74,1.37,-0.41,0.15,-3.12,-1.81,-2.87,-0.93,-2.87
196607,-1.79,0.13,-1.33,-0.5,-1.48,-1.32,-1.53,-1.28,-0.65,-1.16,0.63
196608,-5.45,-5.38,-7.28,-7.09,-6.02,-7.03,-6.82,-7.62,-6.92,-10.92,-5.47
196609,-2.25,-1.24,-1.84,-1.17,-0.21,1.49,-0.74,-0.78,-0.4,-0.17,2.08
196610,-1.41,4.88,6.09,4.71,7.68,7.16,5.28,4.41,6.32,-0.63,0.78
196611,1.71,0.32,1.75,0.98,-0.03,1.07,2.61,2.02,-0.05,3.79,2.08
196612,0.87,0.18,2.31,0.66,1.53,2.02,-2.22,-0.99,-0.03,0.28,-0.59
196701,16.93,6.72,9.41,9.4,5.65,7.07,5.89,6.29,8.82,12,-4.93
196702,2.47,0.42,2.91,0.71,1.22,-0.74,-0.52,0.62,0.72,1.73,-0.74
196703,4.42,3.93,4.07,4.22,2.76,3.39,3.2,5.51,5.71,5.02,0.6
196704,2.54,-0.27,2.12,5.86,3.88,5.22,3.55,7.24,3.67,6.17,3.63
196705,-2.89,-5.24,-3.86,-3.66,-5.62,-2.82,-3.54,-5.62,-5.12,-4.97,-2.08
196706,2.9,2.9,1.38,2.66,0.84,0.23,3.1,3.47,3.31,2.59,-0.31
196707,5.89,-0.74,4.18,5.95,4.78,5.54,7.82,5.19,2.8,5.99,0.1
196708,-0.6,-0.74,0.33,-0.03,-0.88,-1.47,-0.4,-0.19,-0.88,-0.93,-0.33
196709,2.95,2.13,0.63,3.89,4.16,4.42,4.01,4.04,3.55,1.8,-1.15
196710,-4.51,-3.31,-5.77,-4.51,-2.16,-3.32,-0.11,-2.4,-3.39,-2.49,2.02
196711,-0.67,-2.97,0.24,1.36,0.79,-0.16,1.87,1.67,2.96,0.01,0.68
196712,6.73,4.98,2.91,4.3,3.21,2.44,3.29,2.36,1.31,3.57,-3.16
196801,3.25,-2.1,-0.18,-0.62,-3.01,-5.07,-3.59,-5.28,-6.21,-9.85,-13.1
196802,-2.21,-2.23,-1.37,-2.88,-2.92,-2.93,-3.16,-4.39,-3.9,-6.46,-4.25
196803,-0.46,-1.83,-0.95,-1.18,-0.47,0.23,2.48,3,3.62,1.09,1.55
196804,9.62,6.31,4.36,9.09,8.33,9.64,10.75,11.15,11.74,13.04,3.42
196805,4.78,-0.6,2.21,1.96,2.73,1.35,3.61,1.95,4.19,5.28,0.5
196806,1.75,3.83,2.25,1.89,2.26,1.03,0.29,-0.24,-0.35,-1.66,-3.41
196807,0.07,2.79,-0.17,-1.55,-3.2,-0.4,-4.59,-3.54,-5.12,-7.39,-7.46
196808,2.85,1.41,2.57,0.96,2.51,2.79,1.26,2.41,0.61,0.92,-1.93
196809,4.97,2.73,3.5,5.57,5.26,4.35,7.01,2.56,4.94,3.98,-0.99
196810,2.32,1.21,2.52,2.97,2.53,1.03,2.31,-3.63,-1.43,-0.61,-2.93
196811,6.01,5.8,1.99,4.7,5.6,7.09,7.39,6.71,6.94,8.45,2.44
196812,-4.88,-3.54,-4.54,-1.16,-4.54,0.18,-3.5,-4.17,-3.79,-3.67,1.21
196901,0.66,1.98,0.85,-0.99,-1.18,-2.52,-1.17,-3.11,-1.88,-1.74,-2.4
196902,-4.41,-4.75,-3.45,-4.16,-5.81,-4.89,-4.74,-4.64,-6.26,-10.02,-5.61
196903,0.5,1.45,4.83,3.67,6.27,2.93,4.64,3.2,1.28,1.86,1.36
196904,3.88,1.47,0.83,0.74,2.91,1.39,1.4,3.66,1.02,1.51,-2.37
196905,0.01,1.36,1.27,0.6,0.96,-2.5,1.03,-0.08,1.14,-1.37,-1.38
196906,-5.72,-6.1,-7.63,-8.51,-6.5,-7.02,-2.48,-4.91,-9.4,-7.76,-2.04
196907,-5.05,-6.94,-5.27,-8.75,-7.34,-4.46,-4.67,-5.51,-9.52,-9.2,-4.15
196908,1.4,2.13,4.17,6.45,3.93,7.2,7.14,6.38,7.78,9.13,7.73
196909,-3.88,-2.3,-3.34,-5.2,-3.45,-1.33,-0.31,-1.35,-1.58,-2.14,1.74
196910,5.02,4.05,4.95,2.88,4.49,5.24,5.63,8.79,5.53,7.9,2.88
196911,-2.16,-3.96,-4.86,-3.99,-3.57,-2.15,-2.54,-2.37,-3.5,-3.1,-0.94
196912,-3.68,-1.12,-2.05,-3.72,-2.81,-1.36,1.54,-0.24,-4.06,-4.32,-0.64
197001,-4.75,-7.15,-8.85,-9.08,-8.79,-8.1,-7.43,-7.72,-8.49,-11.2,-6.45
197002,7.73,5.51,7.85,6.37,7.61,5.06,3.01,6.1,5.53,3.48,-4.25
197003,1.9,3.22,1.31,-1.22,-0.56,-2.93,-0.94,-0.89,-2.78,-4.8,-6.7
197004,-7.03,-8.06,-8.06,-10.05,-9.33,-9.94,-9.36,-12.16,-13.86,-17.47,-10.44
197005,-5.14,-4.57,-3.94,-4.03,-6.4,-5.88,-7.76,-7.38,-10.44,-10.23,-5.09
197006,-5.94,-3.75,-3.91,-4.12,-5.82,-1.67,-5.08,-8.11,-4.09,-11.21,-5.27
197007,9.84,8.63,10.81,7.68,6.76,8.24,4.18,3.61,5.93,7.33,-2.51
197008,5.26,5.53,4.65,4.37,5.08,4.81,3.73,5.66,4.52,6.81,1.55
197009,0.2,-0.31,1.91,3.73,5.41,3.87,6.17,5.64,8.97,10.78,10.58
197010,-2.71,-2.18,-1.56,0.16,-0.81,-1.86,-1.49,-1.55,0.59,-3.92,-1.21
197011,5.47,7.21,5.7,6.43,3.56,3.62,5.07,4.09,4.43,3.97,-1.5
197012,8.42,6.33,5.47,7.07,5.61,9.24,7.49,4.52,4.98,4.71,-3.71
197101,10.59,4.92,3.36,5.31,3.95,4.95,3.75,5.48,4.31,6.42,-4.17
197102,1.82,3.61,1.26,-2.67,1.88,1.83,1.32,1.27,1.81,3.52,1.7
197103,4.01,2.7,3.47,3.13,1.15,4.99,4.12,4.94,5.44,5.99,1.98
197104,7.37,6.61,3.09,3.63,2.59,2.59,4.4,3.27,2.07,4.58,-2.79
197105,-3.58,-2.5,-5.05,-4.12,-4.56,-3.74,-1.93,-3.72,-5.4,-2.08,1.5
197106,-3.03,-0.01,0.44,1,-0.96,1.53,0.48,-0.54,-0.74,2.49,5.52
197107,-12.48,-6.09,-6.21,-3.28,-3.37,-2.63,-2.4,-3.62,-4.81,-3.89,8.59
197108,10.62,8.27,3.72,5.5,1.95,2.79,2.27,4.1,5.21,4.9,-5.72
197109,-1.21,-0.54,-2.48,-2.01,1.52,0.21,-1.72,-1.33,-0.37,0.49,1.7
197110,-7.62,-4.48,-2.45,-3.54,-4.01,-3.87,-4.91,-4.13,-2.53,-5.42,2.2
197111,0.01,-1.13,-1.93,0.07,0.41,0.35,1.2,-0.66,0.68,0.13,0.12
197112,11.66,10.49,7.28,8.09,8.85,9.67,7.86,9.67,8.81,9.93,-1.73
197201,11.81,5.82,3.2,1.71,1.46,1.05,1.38,3.88,1.21,2.86,-8.95
197202,3.08,2.46,2.65,0.96,4.59,0.62,2.78,3.67,5.97,6.1,3.02
197203,0.18,-1.05,-1.2,0.6,-0.65,1.88,-0.73,2.34,0.28,1.09,0.91
197204,1.59,1.54,-0.68,-0.09,-0.8,-0.77,1.09,1.17,1.53,1.82,0.23
197205,1.46,-0.22,0.54,0.93,3.06,0.4,2.59,1.96,1.71,2.62,1.16
197206,-8.46,-4.58,-3.66,-2.64,-1.97,0.47,-1.93,-3.04,-2.28,-1,7.46
197207,-4.54,-4.83,0.1,-0.21,-0.43,-0.71,1.61,0.69,-0.8,-2.25,2.29
197208,2.2,4.24,6.73,4.43,5.07,8.27,2.18,4.18,0.86,0.89,-1.31
197209,-3.17,-4.3,-2.99,-1.39,1.47,-2.72,0.34,-1.29,0.01,-0.93,2.24
197210,-0.98,-0.53,3.23,1.43,2.8,-1.74,0.51,2.21,0.73,1.78,2.76
197211,6.41,5.29,7.86,7.22,5.49,4.83,5.39,4.45,3.57,4.31,-2.1
197212,-3.82,-0.38,-0.99,-3.2,1.66,-0.28,2.07,1.53,1.58,2.91,6.73
197301,-4.05,-4.62,-7.32,-1.52,-1.28,0.9,-1.72,-2.51,-2.92,-6.39,-2.34
197302,-7.5,-6.47,-4.38,-4,-3.91,-2.82,-4.15,-3.24,-3.27,-5.12,2.38
197303,-2.73,-0.79,-1.02,-0.69,-0.24,-0.13,0.36,0.02,-1.65,-1.1,1.63
197304,-5.85,-4.81,-1.47,-1.95,-0.09,-3.63,-3.68,-6.26,-5.26,-7.67,-1.82
197305,-10.32,-5.4,-3.42,-5.75,-0.6,-2.52,-1.81,-0.24,-0.44,-1.56,8.76
197306,-2.26,-2.73,-2.07,-2.61,-0.62,-1.29,-0.73,-0.06,-0.39,-0.96,1.3
197307,13.57,11.21,8.29,4.99,1.42,1.45,0.94,3.73,4.95,10.72,-2.85
197308,-3.07,-2.72,-1.53,-2.62,-2.77,-3.09,-4.12,-1.59,-2.36,-4.16,-1.09
197309,11.46,12.67,12.04,9.9,6.46,9.91,7.27,0.89,3.84,2.69,-8.77
197310,-0.04,0.14,3.92,-0.47,1.86,-2.74,-3.13,1.77,-0.02,-0.62,-0.58
197311,-17.59,-20.06,-15.7,-11.2,-11.94,-14.96,-10.8,-9.16,-11.16,-12.27,5.32
197312,-3.94,1.65,6.52,4.57,0.73,3.5,4.88,-0.35,2.33,-0.12,3.82
197401,23.14,9.22,6.98,0.5,4,2.58,2.3,0.97,-3.22,-2.19,-25.33
197402,0.53,2.87,4.11,2.72,2.67,1.27,2.08,1.15,-1.01,-1.66,-2.19
197403,-3.2,-1.45,-0.36,-1.25,-3.77,-3.44,-3.47,-2.9,-2.48,-0.93,2.27
197404,-4.18,-3.49,-3.1,-3.85,-5.11,-7.88,-5.66,-5.73,-3.48,-2.8,1.38
197405,-8.81,-8.38,-7.56,-6.58,-6.05,-4.51,-6.39,-3.23,-3.62,0.13,8.94
197406,-3.4,-3.74,-3.89,-5.32,-1.43,-3.52,-2.2,-1.53,-1.32,-1.14,2.26
197407,-5.43,-3.99,-3.33,-4.96,-3.89,-3.57,-6.04,-5.39,-5.84,-12.08,-6.65
197408,-7.62,-5.85,-6.97,-6.22,-9.18,-7.38,-6.92,-5.18,-11.49,-9.39,-1.77
197409,-9.65,-9.02,-10.76,-8.47,-8.83,-6.99,-5.95,-11.76,-11.31,-16.65,-7
197410,6.56,13.38,10.34,10.97,15.09,8.94,16.54,14.01,16.66,25.11,18.55
197411,-4.92,-3.66,-3.92,-2.9,-3.19,-3.97,-2.32,-3.05,-6.34,-3.88,1.04
197412,-9.61,-6.58,-4.31,-4.4,-2.6,-2.58,-3.05,0.41,-2.78,-2.61,7
197501,39,31.01,23.76,22.96,21.12,17.63,18.91,15.28,12.12,5.62,-33.38
197502,7.48,5.39,4.71,5.47,4.91,7.75,4.12,4.74,7.57,6.25,-1.23
197503,16.19,7.6,7.32,5.43,0.28,4.18,1.87,1.07,4.47,2.57,-13.62
197504,3.54,5.44,4.94,3.68,1.82,2.75,3.22,1.65,5.93,8.77,5.23
197505,9.85,8.12,8.04,8.06,6.13,4.25,4.62,4.23,5.09,6.41,-3.44
197506,7.31,5.25,7.77,8.91,9.37,2.51,5.77,5.27,4.82,4.36,-2.95
197507,-4.06,-4.23,-5.74,-6.78,-2.84,-6.67,-6.07,-5.04,-7.36,-7.75,-3.69
197508,-4.61,-5.57,-2.62,-3.16,-2.04,-2.56,-1.79,-1.53,-0.64,-2.11,2.5
197509,-5.85,-5.55,-2.75,-2.03,-2.57,-2.84,-2.22,-3.83,-3.09,-4.68,1.17
197510,5.13,6.59,5.21,8.61,9.01,9.02,7.12,6.81,6.04,2.36,-2.77
197511,3.63,5.78,5.26,4.07,4.54,4.28,3.53,4.62,1.38,1.43,-2.2
197512,-3.1,-2.57,0.01,-0.11,-2.42,-0.86,-1.63,0.11,-1.33,-1.14,1.96
197601,27.38,22.03,17.67,13.39,16.24,13.27,13.12,11.24,9.95,10.63,-16.75
197602,12.88,5.37,5.28,2.59,2.5,-0.26,-1.06,-1.06,-0.37,-1.85,-14.73
197603,3.06,1.61,3.26,3.8,3.07,0.72,2.78,2.45,4.42,2.75,-0.31
197604,-6.78,-2.48,-0.82,-0.77,-2.81,-0.3,-2.28,-0.31,-1.15,-0.28,6.5
197605,-2.98,-4.01,-1.7,-2.04,-1.18,-1.5,-0.37,-1.15,0.06,-0.3,2.68
197606,7.1,7.15,6.18,4.93,4.19,7.19,2.63,3.5,3.79,4.77,-2.33
197607,-0.21,-0.79,-0.76,0.44,-0.37,-1.56,1.06,1.16,-0.67,-3.06,-2.85
197608,-5.19,0.55,0.17,-0.1,1.64,0.5,1.02,0.85,0.48,-3,2.19
197609,3.03,1.62,2.27,2.49,2.5,2.62,3.74,1.11,3.29,1.92,-1.11
197610,-3.73,-4.43,-3.19,-2.09,-1.09,-3.07,-1.78,-1.82,-1.17,-3.37,0.36
197611,3.6,3.34,1.78,2.51,2.47,-0.48,0.18,1.56,-0.06,-0.08,-3.68
197612,12.2,7.26,8.12,6.25,6.41,5.32,6.47,5.21,4.92,5.18,-7.02
197701,0.31,-2.99,-0.61,-4.7,-4.52,-2.55,-3.27,-5.39,-3.24,-6.65,-6.96
197702,-5.35,-2.14,-2.48,-1.64,-2.22,-1.48,-2.42,-1.33,-1.44,-1.11,4.24
197703,-0.16,-0.89,-0.83,-1.66,-0.49,-1.39,-1.75,-1.1,-1.33,0.26,0.42
197704,1.41,1.1,1.92,-2.01,-1.19,0.74,0.23,0.29,1.63,0.38,-1.03
197705,-1.77,0.16,-0.41,-2.47,-1.5,-2.34,-0.22,-0.54,-0.08,-3.05,-1.28
197706,8.78,7.7,6.37,6.55,6.36,6.81,5.06,4.67,3.03,3.45,-5.33
197707,-2.34,-0.6,-0.57,-1.48,-0.41,0.64,-0.24,-0.5,-2.32,-5.59,-3.25
197708,-0.11,-0.96,3,1.12,0.07,-0.96,-2.38,-2.01,-3.76,-3.43,-3.32
197709,-0.32,0.18,0.13,-1.01,-1.67,0.94,0.57,0.56,1.02,-0.68,-0.36
197710,-5.92,-4.4,-5.29,-3.32,-3.5,-3.42,-3.96,-3.58,-3.64,-4.69,1.23
197711,8.47,8.85,5.13,5.96,3.98,4.68,3.63,2.98,2.94,4.74,-3.73
197712,-0.63,-0.9,-0.82,0.86,1.83,0.64,-0.73,-0.13,2.03,0.87,1.5
197801,-3.23,-4.76,-5.79,-6.01,-4.73,-5.12,-4.79,-5.6,-7.29,-6.76,-3.53
197802,0.39,-2.54,-1.53,-2.75,-0.37,-0.28,-0.26,1.43,-2.58,-0.51,-0.9
197803,6.94,2.16,0.64,4.39,4.6,3.54,3.53,3.31,4.52,3.23,-3.71
197804,13.09,10.76,9.69,8.39,8.06,5.71,7.34,5.8,8.54,11.08,-2.01
197805,4.92,3.38,1.32,2.24,0.49,1.28,0.6,1.32,3.44,6.27,1.35
197806,-0.83,-1.02,-1.5,-0.84,-1.84,-0.26,-1.56,-0.8,-2.06,-1.22,-0.39
197807,8.26,7.56,5.42,5.55,4.54,3.02,5.47,4.76,5.21,6.84,-1.42
197808,3.45,3.32,3.7,4.77,4.36,3.26,3.87,5.23,6.12,6.3,2.85
197809,-2.46,-2.01,-2.31,-0.62,1.36,-0.21,1.63,-0.72,-0.87,-3.37,-0.91
197810,-14.28,-11.3,-12.55,-9.23,-9.66,-9.74,-7.68,-11.27,-15.39,-17.72,-3.44
197811,4.23,2.91,3.97,2.71,3.17,2.99,3,2.76,4.52,6.55,2.32
197812,2.03,0.86,4.76,0.66,0.01,0.34,1.97,1.74,2.25,2.18,0.15
197901,4.64,4.34,3.47,4.97,5.01,5.59,6.28,5.5,6.06,7.46,2.82
197902,-4.57,-4.34,-1.91,-1.7,-2.49,-2,-2.16,-3.02,-3.33,-5.34,-0.77
197903,7.2,6.98,6.26,6.2,5.66,4.06,6.84,7.63,9.03,8.5,1.3
197904,-0.35,0.34,1.92,2.23,-0.25,-1.53,2.15,2.25,2,1.72,2.07
197905,-2.4,-0.14,-1.69,-1.57,-0.57,0.13,-2.85,-0.99,-2.31,-3.25,-0.85
197906,2.86,4.78,2.08,5,5.34,6.87,7.86,7.86,6.19,5.03,2.17
197907,-0.31,1.87,0.78,0.42,2.7,3.26,2.94,3.66,3.63,3.26,3.57
197908,8.34,6.18,5.43,4.75,5.32,5.61,5.11,7.97,8.4,9.39,1.05
197909,-0.96,0.23,-0.16,1.2,1.1,-1.27,0.76,0.34,0.11,-1.07,-0.11
197910,-7.71,-4.35,-6.01,-6.81,-9.63,-6.85,-10.11,-9.57,-7.32,-10.37,-2.66
197911,4.52,6.72,5.88,6.01,5.11,5.68,3.71,7.68,9.63,11.16,6.64
197912,3.47,3.66,1.45,0.42,1.63,2.36,3.07,2.95,5.36,6.96,3.49
198001,4.57,9.21,4.84,6.72,2.03,6.7,6.57,8.58,7.37,8.53,3.96
198002,-3.79,-0.69,-0.13,2.36,-2.13,2.46,1.61,-2.46,-1.29,-3.18,0.61
198003,-6.61,-11.6,-10.5,-10.61,-10.1,-11.48,-15.29,-15.25,-13.49,-15.47,-8.86
198004,4.28,3.51,5.89,7.67,3.77,5.05,6.84,3.8,4.75,6.84,2.56
198005,7.19,7.63,7.01,4.89,5.3,5.27,4.01,6.29,7.7,6.65,-0.54
198006,0.92,1.97,4.11,2.41,5.89,3.24,2.95,6.55,5.67,5.63,4.71
198007,9.12,8.11,7.64,3,6.28,4.63,6.34,9.69,10.49,11.75,2.63
198008,0.71,1.01,0.03,2.62,1.6,4.47,2.43,4.14,5.5,3.91,3.2
198009,-0.44,2.75,4.03,-0.36,5.71,3.55,4.68,3.71,4.81,5.76,6.2
198010,-1.61,-0.59,-1.07,4.01,3.22,1.97,4.46,2.8,3.44,1.66,3.27
198011,4.24,5.77,4.84,0.88,13.18,12.55,21.82,14.03,13.42,14.33,10.09
198012,0.82,0.51,0.64,0.11,-5.09,-2.66,-10.43,-4.43,-4.31,-3.43,-4.25
198101,2.01,0.78,-0.28,-1.91,-4.96,-7.38,-8.05,-8.34,-6.71,-7.99,-10
198102,5.45,4.51,3.11,2.99,-0.26,1.17,-0.88,0.49,-0.56,1.05,-4.4
198103,7.53,5.9,2.04,5.92,7.09,7.66,3.16,2.87,1.53,6.22,-1.31
198104,-0.8,-0.16,-0.34,2.45,0.76,0.68,-1.58,-3.02,-5.84,-1.14,-0.34
198105,1.31,2.49,1.9,3.19,2.3,0.07,0.6,-2.18,-1.2,3.36,2.05
198106,-0.85,-2.01,-2.62,0.45,0.24,2.01,0.6,1.88,-1.16,-5.52,-4.67
198107,-3.44,-3.65,-4.15,-0.51,-0.7,3.03,1.02,3.36,2.47,0.54,3.98
198108,-8.52,-4.36,-3.15,-4.6,-5.44,-4.64,-6.3,-6.58,-4.94,-9.06,-0.54
198109,-3.36,-3.19,-0.55,-3.88,-5.74,-6.14,-8.19,-8.62,-8.53,-11.51,-8.15
198110,2.99,1.66,3,5.2,4.61,6.61,10.62,9.65,7.74,11.92,8.93
198111,4,4.36,5.63,4.73,2.64,6.55,5.71,5.98,3.72,1.7,-2.3
198112,-1.29,-2.26,-0.67,-2.42,-3.19,-1.37,-3.24,-3.89,-4.27,-4.78,-3.49
198201,-0.09,1.29,1.69,-0.65,-1.94,-1.67,-2.35,-7.52,-6.17,-6.2,-6.11
198202,-0.42,-2.24,-3.54,-1.44,-2.54,-4.41,-3.38,-6.94,-10.95,-10.15,-9.73
198203,2.91,0.97,1.48,0.54,0.04,-1.59,-2.02,-2.18,-3.38,-3.74,-6.65
198204,5.53,2.78,4.81,3.09,3.62,5.38,4.15,4.95,5.97,6.23,0.7
198205,-2.18,-1.98,-3.09,-3.13,-2.42,-4.15,0.44,-1.96,-4.44,-6.82,-4.64
198206,-1.01,-1.11,-1.25,-0.77,-1.63,-3.43,-2.79,-1.03,-3.77,-4.01,-3
198207,-1.46,1.92,-0.06,-1.9,-3.45,-3.29,-6.29,-5.4,-2.47,-1.67,-0.21
198208,11.57,12.16,12.3,12.85,10.53,12.92,10.83,15.63,11.95,9.84,-1.73
198209,1.34,0.28,0.44,0.73,2.66,2.39,2.49,4.7,2.15,2.29,0.95
198210,17.5,9.5,13.09,10.05,8.96,10.55,9.99,11.82,12.37,17.81,0.31
198211,8.87,6.15,5.02,4.36,2.72,2.91,4.61,4.26,4.5,8.83,-0.04
198212,4.85,1.46,0.16,0.71,-0.49,1.66,2.03,0.89,2.5,-0.51,-5.36
198301,2.87,2.49,4.08,7.47,2.39,3.03,2.65,2.52,4.89,5.31,2.44
198302,4.27,2.17,3.13,1.93,3.97,2.3,2.06,3.05,4.86,4.89,0.62
198303,3.88,3.52,2.48,3.96,2.84,2.87,5.03,4.85,3.34,2.39,-1.49
198304,13.11,9.35,10.17,4.67,4.88,8.06,6.86,6.54,5.85,6.15,-6.96
198305,1.57,-0.66,-1.07,2.07,0.42,-0.57,-1.42,2.24,3.72,4.56,2.99
198306,4.72,3.96,3.72,0.88,3.37,1.45,2.93,6.34,5.18,5.2,0.48
198307,-3.9,-2.78,-0.79,-2.23,-1.52,-3.1,-3.26,-1.93,-4.17,-6.78,-2.88
198308,-3.1,0.6,-0.25,1.32,2.91,-0.71,2.17,2.08,-0.52,-3.6,-0.5
198309,0.37,3.28,2.27,3.83,1.87,1.66,1.22,0.91,2.49,0.17,-0.2
198310,-2.76,-4,-1.98,-1.15,-0.4,0.15,-0.92,-2.16,-3.09,-7.22,-4.46
198311,4.36,3.15,0.21,1.75,3.27,2.13,4.24,1.54,4.11,5.94,1.58
198312,0.68,-0.64,-0.05,-1.87,-0.57,-1.19,-0.21,-1.35,-1.13,-2.15,-2.83
198401,0.37,-1.39,-0.4,2.19,2.6,-0.07,-2.69,0.3,-4.85,-7.8,-8.17
198402,-6.58,-4.08,-3.87,-2.27,-1.68,-4.42,-4.43,-3.91,-5.84,-6.62,-0.04
198403,3.26,2.06,1.89,2.45,-0.37,1.02,1.52,1.76,1.41,0.75,-2.51
198404,-1.51,-0.73,-0.79,2.58,-0.02,1,0.56,1,1.01,0.19,1.7
198405,-7.37,-7.66,-3.9,-4.18,-5.33,-3.6,-5.07,-5.74,-5.27,-5.27,2.1
198406,-1,1.07,2.28,0.6,0.64,2.88,3.21,5.02,5.84,6.41,7.41
198407,-8.02,-4.6,0.07,-2.79,-0.47,-1.53,-1.81,-1.23,-1.08,-4.02,4
198408,13.27,12.11,9.29,12.6,11.35,10.26,10.71,10.93,11.21,14.66,1.39
198409,-1.92,-0.4,0.77,1.34,2.02,1.16,0.14,-1.96,-0.52,-3.39,-1.47
198410,-3.56,-1.57,-0.62,-0.4,1.64,1.97,1.26,1.27,-0.22,-0.48,3.08
198411,-0.98,-0.46,-0.55,-0.17,0.09,1.23,-1.46,-1.42,-2.1,-4.38,-3.4
198412,1.08,0.5,0.48,3.44,2.6,1.92,3.1,3.55,3.59,2.23,1.15
198501,10.74,8.61,7.97,6.61,5.6,6.74,7.65,10.49,10.46,14.47,3.73
198502,2.11,0.57,3.23,1.74,1.32,0.77,2.09,1.79,1.76,3.07,0.96
198503,-0.77,-1.96,0.14,1.04,-0.36,0.07,-0.75,0.92,0.1,-0.81,-0.04
198504,-1.73,2.2,0.38,-1.83,0.68,-1.46,-0.04,0.01,-1.57,-0.28,1.45
198505,1.5,4.67,3.5,7.16,4.89,5.56,5.08,7.69,7.5,8.83,7.33
198506,-1.02,0.44,0.74,2.5,1.94,1.91,3.27,0.7,2.1,3.41,4.43
198507,3.41,2.77,-0.21,1.41,-1.21,-2.61,0.94,0.16,-0.83,-2.16,-5.57
198508,-1.81,-0.37,0.23,0.27,0.01,-0.97,-1.31,0.03,-0.28,-1.18,0.63
198509,-7.83,-5.11,-2.55,-2.55,-2.81,-4.06,-3.85,-3.18,-3.89,-5.61,2.22
198510,-1.22,2.85,5.17,5.24,4.33,4.84,3.15,4.87,6.22,7.24,8.46
198511,5.36,7.92,4.79,5.45,4.9,7.13,8.36,7.98,8.26,7.85,2.49
198512,0.59,-0.65,1.79,4.73,5.22,4.8,6.96,4.59,4.73,3.67,3.08
198601,-2.26,-2.12,0.41,1.1,0.61,1.74,0.68,2.58,2.35,2.83,5.09
198602,0.76,5.29,6.25,7.53,7.84,7.32,10.55,6.55,9.36,10.31,9.55
198603,2.37,3.31,3.44,5.66,7.06,4.94,4.87,6.5,6.25,8.33,5.96
198604,-0.89,-2.58,-0.13,-0.54,-0.66,-2.46,-0.39,-1.46,-0.78,-0.13,0.76
198605,2.72,4.55,4.53,5.85,4.28,5.62,4.81,4.4,6.53,6.81,4.09
198606,-4.3,-4.6,-2.55,-0.84,0.49,1.19,3.62,1.72,2.9,4.84,9.14
198607,-13.6,-10.17,-6.49,-6.35,-6.64,-5.86,-4.86,-5.53,-2.82,-7.15,6.45
198608,11.15,8.53,10.12,9.57,6.92,7.06,7.28,5.88,4.39,3.46,-7.69
198609,-6.43,-3.85,-3.76,-6.04,-7.19,-8.66,-8.75,-8.32,-8.88,-11.14,-4.71
198610,4.61,5.02,6.21,4.49,7.27,7.03,5.03,1.42,6.37,6.06,1.45
198611,0.35,-0.48,3.66,1.72,2.02,0.87,2.58,1.13,1.54,1.1,0.75
198612,-2.03,-2.04,-1.69,-1.27,-2.74,-2.92,-1.95,-3.67,-3.76,-4.01,-1.98
198701,15.32,15.99,14.56,10.9,14.66,12.39,14.02,11.51,10.83,14.68,-0.64
198702,7.32,6.18,4.24,2.6,5.27,2.31,4.79,4.75,6.62,7.93,0.61
198703,9.56,3.03,5.9,5.18,-0.25,3.51,-0.49,0.85,0.35,1.68,-7.88
198704,2.06,-2.14,0.77,-0.76,-1.41,0.49,-3.14,-3.82,-3.3,-3.38,-5.44
198705,2.91,2.05,1.89,1.39,-0.21,0.55,0.07,0.14,1.28,-0.49,-3.4
198706,2.9,3.09,5.19,3.42,4.7,4.16,4.72,5.16,5.58,5.22,2.32
198707,8.88,8.5,5.11,3.65,3.93,3.89,4.43,5.64,3.41,5.18,-3.7
198708,-1.58,2.31,1.2,3.3,4.73,3.93,4.89,4.72,4.27,4.44,6.02
198709,-0.16,0.76,0.4,-1.88,-3.21,-2.39,-2.27,-1.78,-3.76,-5.36,-5.2
198710,-29.97,-28.62,-25.96,-25.29,-21.17,-22,-20.11,-17.35,-22.46,-25.07,4.9
198711,-6.69,-5.7,-8.47,-6.57,-8.06,-7.36,-6.57,-8.47,-5.52,-9.02,-2.33
198712,6.81,8.41,12.72,7.04,7.29,7.21,6.96,6.35,6.2,7.33,0.52
198801,5.04,2.95,0.23,0.78,4.99,6.1,6.3,4.02,4.99,5.78,0.74
198802,8.37,7.94,8.44,7.62,4.42,3.63,3.75,3.86,4.97,6.82,-1.55
198803,1.13,4.14,-1.68,-2.84,-1.64,-1.91,-4.18,-2.3,-2.22,-1.89,-3.02
198804,2.81,2.06,0.03,3.12,1.28,0.3,0.81,-0.69,-0.39,2.22,-0.59
198805,-2.06,0.38,-0.12,-0.44,1.5,1.06,0.56,1.21,-0.83,0.04,2.1
198806,6.89,7.7,6.69,6.18,7.06,4.13,4.04,3.23,6.01,4.72,-2.17
198807,0.95,-2.5,-2.77,-2.5,-0.93,-0.79,-0.16,-0.91,-1.69,1.34,0.39
198808,-3.62,-3.3,-4.99,-5.74,-2.65,-1.57,-1.71,-3.13,-1.91,-2.26,1.36
198809,3.97,1.39,2.27,2.76,4.17,2.48,4.88,5.05,3.24,5.64,1.67
198810,0.71,0.45,1.99,4.11,1.4,1.89,0.9,2.6,2.58,2.13,1.42
198811,-4.03,-2.73,-2.57,-2.31,-1.18,-0.98,-2.36,-1.26,-1.68,-1.24,2.79
198812,6.21,2.9,1.94,2.22,2.83,1.97,2.03,2.03,1.55,1.83,-4.38
198901,7.62,7.63,8.11,7.05,5.67,6.27,6.82,6.81,4.42,7.39,-0.23
198902,0.83,-0.09,-0.31,-2.49,-1.8,-0.88,-2.49,-1.54,-1.87,-2.5,-3.33
198903,4.22,1.03,3.75,-0.87,1.89,1.98,4.02,2.6,2.41,3.11,-1.11
198904,4.55,1.71,4.46,5.58,5.45,4.63,6.44,4.23,4.67,5.74,1.19
198905,5.39,3.37,0.87,4.26,4.24,3.61,5.07,4.41,4.29,4.76,-0.63
198906,-2.73,-2.24,0.88,-2.69,-0.59,-0.99,-0.34,1.04,-0.34,-0.77,1.96
198907,1.08,6.62,6.2,4.93,7.99,9.84,7.86,8.17,10.01,8.12,7.04
198908,0.83,1.67,2.97,3.29,1.5,1.53,1.84,2.31,0.41,2.79,1.96
198909,-1.5,-1.37,-3.56,-2.77,0.15,-0.76,0.16,0.05,0.92,0.89,2.39
198910,-5.84,-6.91,-7.09,-4.52,-1.85,-3.58,-2.01,-2.17,-1.32,-2.44,3.4
198911,-0.59,1.53,-0.58,1.01,0.89,3.08,2.07,2.7,1.39,1.63,2.22
198912,-0.95,2.29,-0.11,0.38,1.21,2.66,2.88,3.81,2.83,-0.04,0.91
199001,-7.59,-8.04,-2.78,-5.98,-7.12,-5.61,-7.52,-7.85,-8.69,-8.67,-1.08
199002,4.71,2.16,4.06,3.03,2.22,1.39,1.41,1.29,0.84,0.6,-4.11
199003,4.48,1.79,2.75,2,0.74,2.73,1.41,1.67,3.66,3.91,-0.57
199004,-4.97,-5.8,-2.1,-3.93,-4.85,-3,-2.31,-2.99,-1.76,-0.55,4.42
199005,10.21,8.85,9.4,8.89,8.41,6.81,8.63,9.09,10.24,10.17,-0.04
199006,-0.22,-1.5,-1.23,-1.46,-1.36,-1.49,-1.19,-0.3,0.28,1.28,1.5
199007,-5.11,-3.67,-3.66,-2.61,-3.28,0.33,0.09,1.96,-1.3,-2.63,2.48
199008,-12.14,-8.43,-9.54,-9.65,-10.95,-7.8,-9.21,-8.88,-10.16,-9.01,3.13
199009,-8.67,-1.14,-8.95,-4.77,-5.24,-5.25,-5.87,-4.81,-3.31,-6.84,1.83
199010,-7.49,-3.64,-6.54,-4.9,-1.85,1.3,-1.61,1.03,1.33,-0.78,6.71
199011,3.74,8.95,7.7,9.05,7.24,6.44,4.85,8,6.06,6.71,2.97
199012,0.69,0.64,3.78,2.83,3.43,2.29,3.36,2.89,2.77,4.2,3.51
199101,16.96,12.09,9.02,10.95,7.02,5.03,4.2,2.42,1.86,5.99,-10.97
199102,14.8,5.26,10.77,8.82,6.06,7.91,7.22,6.32,5.52,9.98,-4.82
199103,13.43,8.09,-2.55,5.61,2.92,2.88,3.5,3.41,2.23,3.26,-10.17
199104,1.61,2.54,-3.53,1.88,1.73,-0.29,-0.54,1.16,1.15,-0.38,-1.99
199105,2.03,5.45,5.7,5.55,5.75,4.32,5.01,4.92,2.24,3.74,1.71
199106,-6.94,-4.49,-6.53,-5.73,-4.91,-3.59,-4.19,-3.66,-3.45,-4.94,2
199107,3.2,5.72,4.51,5,4.14,4.3,2.74,3.57,3.73,7.49,4.29
199108,1.29,2.03,1.71,1.28,4.06,2.22,1.82,1.72,3.29,4.02,2.73
199109,-2.96,-2.3,-2.63,1.26,-0.29,0.23,-0.2,-1.63,-2.41,-1.73,1.23
199110,4.51,3.47,3.5,-0.36,1.31,1.37,0.98,1.44,2.9,0.93,-3.58
199111,-4.15,-6.06,-6.69,-4.8,-5.11,-3.86,-4.2,-3.67,-3.78,-1.59,2.56
199112,4.61,5.97,11.51,13.02,7.27,9.93,9.19,11.77,9.21,15.05,10.44
199201,22.04,10.31,7.89,3.11,2.65,0.22,-1.67,-2.7,-3.62,-1.72,-23.76
199202,12.82,7.71,5.06,4.95,2.83,0.79,1.8,0.54,0.36,-0.15,-12.97
199203,-2.37,-2.66,-0.79,-0.54,-1.31,-1.54,-0.71,-2.98,-2.35,-2.82,-0.45
199204,-3.24,-0.13,2.66,3.3,1.67,3.26,2.32,4.8,1.77,-1.09,2.15
199205,-0.24,-0.34,0.74,-0.51,-0.48,1.02,0.49,1,0,1.84,2.08
199206,-3.2,-3.11,-0.36,-2.62,-2.69,0.7,-1.64,-0.4,-2.36,-3.4,-0.2
199207,2.93,3.17,1.34,2.57,4.62,2.85,3.97,3.39,5.89,5.35,2.42
199208,-8.98,-5.67,-5.4,-4.53,-2.5,-3.43,-1.84,-0.65,-1.2,-0.74,8.24
199209,5.91,3.3,-1.5,1.63,1.12,2.87,2.24,1.89,-1.25,2.16,-3.75
199210,3.65,4.12,-0.23,-1.49,0.82,1.19,0.49,0.88,1.38,2.18,-1.47
199211,5.58,6.89,6.19,4.68,3.95,2.37,2.16,2.87,4.17,5.88,0.3
199212,4.23,3.95,-0.88,2.17,4.32,2.92,2.63,1.22,0.53,0.32,-3.91
199301,11.39,8.72,2,5.26,2.75,2.41,0.83,-1.9,-2.1,-0.02,-11.41
199302,2.19,1.13,3.29,1.35,4.31,3.5,2.68,0.65,-0.74,-4.79,-6.98
199303,3.49,1.66,5.06,2.74,3.28,3.1,2.37,2.2,1.24,1.41,-2.08
199304,-2.07,-0.01,-1.47,-0.32,-2.65,-1.36,-1.82,-1.32,-2.67,-8.36,-6.29
199305,4.14,5.48,4.6,3.4,2.72,1.56,3.68,1.57,2.53,3.17,-0.97
199306,0.59,2.53,1.62,1.16,1.62,1.63,1.01,-0.5,0.45,-1.35,-1.94
199307,-0.78,1.39,-0.33,1.7,1.76,-0.02,0.57,0.68,-1.66,-2.48,-1.7
199308,4.96,4.95,5.14,2.95,3.76,3.96,3.9,3.97,4.45,2.86,-2.1
199309,0.6,2.04,0.61,-0.25,1,-0.16,-0.17,-0.59,-0.57,-0.48,-1.08
199310,4.81,2,2.57,4.38,1.69,0.95,-0.91,-0.33,2.39,3.24,-1.57
199311,-3.4,2.58,-0.61,-1.5,-2.11,-2.29,-3.23,-1.43,-1.22,0.42,3.82
199312,1.6,4,2.21,2.41,2.47,1.93,0.3,1.76,1.69,0.46,-1.14
199401,3.33,7.01,6.46,3.66,4.45,1.93,3.07,2.58,1.51,2.05,-1.28
199402,-2.93,-2.86,-2.2,-0.21,-3.34,-3.49,-3.07,-3.57,-2.28,-0.27,2.66
199403,-2.63,-3.98,-5.23,-4.8,-3.99,-3.23,-3.69,-3.92,-4.71,-5.08,-2.45
199404,-0.94,1.06,0.94,1.73,1.44,2.14,1.86,0.56,1.34,-0.61,0.33
199405,3.93,0.47,3.66,1.4,0.89,1.67,0.74,1.85,0.39,0.12,-3.81
199406,-6.26,-2.22,-1.38,-3.35,-1.35,-1.13,-2.42,-3.62,-2.33,-3.23,3.03
199407,4.29,4.01,2.08,2.73,3.34,3.31,2.96,3.32,2.24,4.29,0
199408,8.9,7.35,6.86,4.71,4.54,2.71,2.8,2.27,3.19,6.71,-2.19
199409,0.56,-1.5,-0.05,-4.21,-1.79,-1.53,-2.2,-2.52,-3.8,-1.89,-2.45
199410,4.98,1.46,1.33,-2.73,2.08,1.4,3.15,1.64,2,4.12,-0.86
199411,-4.75,-5.94,-4.76,-3.53,-4.28,-3.27,-2.4,-2.94,-2.95,-3.41,1.34
199412,-0.08,1.17,1.23,1.51,2.18,1.28,2.96,0.61,0.69,0.09,0.17
199501,1.49,2.53,0.88,2.92,2.99,2.26,2.52,4.63,2.48,0.97,-0.52
199502,4.1,3.31,4.16,2.5,3.07,3.97,4.13,4.13,6.25,4.05,-0.05
199503,4.65,4.27,4.8,1.89,1.8,1.75,1.75,2.15,3.12,3.38,-1.27
199504,9.29,1.59,1.6,2.52,1.97,3.05,3.37,1.89,2.17,4.33,-4.96
199505,0.57,3.66,2.3,2.98,3.06,4.47,4.23,4.59,4.69,3.67,3.1
199506,2.81,2.79,1.18,2.82,1.56,0.61,3.09,3.19,4.57,7.36,4.55
199507,6.93,4.05,3.61,3.24,1.99,2.99,2.48,4.16,4.84,6.36,-0.57
199508,0.05,0.03,-1.03,1.2,0.29,0.46,2.1,1.79,0.41,2.48,2.43
199509,-1.34,1.93,2.61,5.55,5.52,5.33,3.45,4.51,4.12,1.55,2.89
199510,-2.26,-0.21,1.38,-0.54,-0.47,-1.73,-0.99,-1.15,-0.36,-2.7,-0.44
199511,3.28,5.71,4.11,4.35,5.33,4.78,5.19,5.44,1.58,3.6,0.32
199512,1.77,3.97,5.52,4.3,0.58,2,1.73,0.36,0.76,-4.56,-6.33
199601,8.47,1.67,2.31,0.81,3.35,3.89,4,2.94,2.33,2.91,-5.56
199602,4.44,4.22,1.09,-0.58,0.41,-0.81,-0.2,3.2,4.56,3.76,-0.68
199603,-1.87,1.6,0.65,0.68,0.61,1.08,1.81,1.56,1.66,-0.34,1.53
199604,5.82,2.44,0.9,0.56,1.44,1.3,0.67,1.36,2.21,7.68,1.86
199605,3.89,3.45,4.25,2.42,1.71,1.68,1.93,0.83,3.36,4.08,0.19
199606,-3.79,-1.2,-1.21,0.12,1.51,0.61,0.03,0.63,0.38,-3.41,0.38
199607,-8.32,-6.76,-4.5,-2.99,-6.43,-3.62,-4.39,-4.32,-4.93,-5.8,2.52
199608,3.15,4.9,1.61,2.73,1.61,1.84,1.99,4.56,3.88,4.58,1.43
199609,2.03,2.74,4.51,4.94,3.67,4.5,7.47,3.29,6.87,9.8,7.77
199610,-0.68,2.77,2.4,3.81,2.45,3.48,1.58,1.81,0.63,1.74,2.42
199611,5.11,2.67,8.51,5.02,7.28,6.11,7.07,6.34,7.09,11.16,6.05
199612,1.63,-2.04,-2.25,-2.55,0.89,-1.31,-1.18,-1.67,-0.41,-2.25,-3.88
199701,2.02,2.58,4.72,5.21,4.65,6.66,5.49,5.94,4.26,9.48,7.46
199702,-0.11,1.85,0.22,-0.35,3.19,1.45,1.75,1.32,0.13,-5.12,-5.01
199703,-4.78,0.15,-1.71,-5.27,-5.74,-1.18,-4.37,-4.91,-3.87,-6.05,-1.27
199704,-2.94,0.66,0.47,4.04,5.09,4.06,4.8,8.18,7.76,4.41,7.35
199705,8.64,6.47,7.93,5.77,7.29,5.42,4.3,6.82,5.49,11.12,2.48
199706,1.32,7.14,4.14,7.06,2.79,3.52,4.77,5.76,5.08,1.31,-0.01
199707,5.6,9.47,7.61,5.1,5.16,5.2,8.14,6.96,9.07,15.35,9.75
199708,4.6,-0.54,-1.14,-1.7,-4.44,-4.07,-4.94,-6.13,-7.77,-2.83,-7.43
199709,5.85,5.11,6.61,5.57,6.55,5.68,5.82,6.23,3.97,5.14,-0.71
199710,-4.61,-3.53,-4.39,-1.43,-1.92,-3.05,-1.5,-1.84,-5.06,-7.87,-3.26
199711,1.25,5.45,5.07,5.31,4.56,4.39,4.98,2.71,5.69,0.08,-1.17
199712,-1.51,2.01,4.54,3.2,2.74,2.61,2.66,1.89,1.96,-1.84,-0.33
199801,0.44,-0.56,-0.42,-0.94,-0.19,-0.66,1.72,0.62,-0.41,4.12,3.68
199802,11.59,6.81,3.69,5.38,5.76,5.77,6.45,8.71,6.98,9.73,-1.86
199803,7.52,6.88,5.88,4.89,6.78,6.81,5.53,2.63,5.98,2.23,-5.29
199804,1.06,-1.07,-0.75,-1.78,0.78,-0.28,1.06,0.49,1.36,3.62,2.56
199805,-3.19,-2.34,-0.02,-3.01,0.69,-1.07,-3.02,-1.2,-2.04,-4.18,-0.99
199806,1.18,1.39,3.48,2.69,-0.19,-0.07,1.14,2.32,6,7.1,5.92
199807,-3.32,-2.02,-1.68,-4.7,-2.65,-1.62,-3.58,-3.08,-2.43,2.13,5.45
199808,-20.35,-11.5,-10.07,-8.6,-14.35,-11.97,-14.01,-16.88,-16.29,-16.91,3.44
199809,7.3,11.01,8.17,3.05,4.12,5.86,4.34,3.54,4.74,13.86,6.56
199810,3.64,5.01,2.55,10.52,7.62,7.28,8.53,9.23,9.93,5.26,1.62
199811,7.07,2.87,4.13,6.22,4.77,4.78,5.51,5.12,6.75,9.61,2.54
199812,5.72,5.13,4.98,3.7,5.74,4.64,3.39,2.58,5.11,11.88,6.16
199901,7.03,0.89,3.22,-0.24,3.01,2.03,-1.08,1.18,2.03,10.26,3.23
199902,-5.02,-3.08,-3.82,-2.5,0.03,-4.41,-0.64,-1.65,-1.21,-7.99,-2.97
199903,1.56,1.98,1.47,2.15,2.34,1.81,-0.9,1.79,4.72,7.02,5.46
199904,12.93,12.05,9.1,7.37,4.18,9.34,9.12,5.42,2.18,-0.94,-13.87
199905,2.12,4.38,0.04,0.9,3.12,-1.94,-0.9,-3.36,-0.78,-4.65,-6.77
199906,7.72,7.09,3.23,0.98,2.85,5.44,5.91,4.25,4.1,6.57,-1.15
199907,-1.43,-0.31,0.55,-3.58,-0.43,-2.23,-3.4,-1.09,-4.47,-3.48,-2.05
199908,-2.62,-0.32,-4.59,-2.72,-2.88,-2.04,-7.11,-1.13,-1.3,3.27,5.89
199909,0.6,-2.82,-2.68,-2.86,-3.63,-4.59,-1.02,-3.15,-4.08,-2.81,-3.41
199910,-0.89,2.4,5.02,2.54,1.78,2.28,3.82,7.93,7.22,8.54,9.43
199911,10.15,9.25,0.78,4.09,-2.21,6.01,2.91,2.12,-0.96,2.93,-7.22
199912,12.03,10.01,11.2,4.7,15.99,0.13,2.79,4.05,2.74,8.7,-3.33
200001,1.83,-1.75,-7.43,-5.03,-5.39,2.63,-6.63,-6.02,-4.65,-3.49,-5.32
200002,19.35,0.24,8.29,-1.28,-4.67,-1.68,-5.37,-8.72,-3.35,4.69,-14.66
200003,-3.62,5.51,4.84,-1.05,7.84,10.96,10,7.87,10.55,10.3,13.92
200004,-6.85,-2.37,-0.7,-3.4,1.38,3.11,-3.47,-1.72,1.29,-6.17,0.68
200005,-6.09,-3.76,-3.66,-3.97,1.84,3.66,-4.39,2.8,0.28,-5.51,0.58
200006,8.79,11.27,0.2,-2.14,-1.5,-2.19,-1.84,-1.91,0.6,8.35,-0.44
200007,-6.56,-3.01,-4.4,4.87,1.22,0.31,0.8,-0.81,-2.05,-1.12,5.44
200008,12.65,9.81,6.05,7.31,8.18,6.59,2.98,6.37,5.47,7.21,-5.44
200009,-6.6,-2.38,-10.42,-4.8,-2.21,2.63,-0.49,4.69,-1.81,-8.28,-1.68
200010,-2.25,-4.06,2.29,0.49,0.91,2.22,1.81,2.26,4.64,-3.45,-1.2
200011,-12.36,-5.49,-0.71,-5.17,-4.8,-6.39,-4.34,-2.1,-2.14,-11.59,0.77
200012,7.95,6.76,6.52,8.6,7.84,9.09,6.8,0.86,4.83,-2.97,-10.92
200101,7.72,5.2,-1.47,-1.34,-4.09,-1.08,0.2,-1.71,0.29,8.21,0.49
200102,1.23,1.23,3.05,-1.54,2.46,-0.25,-0.95,-1.75,-4.86,-15.23,-16.46
200103,-4.59,-3.5,-1.42,-1.64,-0.23,-4.87,-3.16,-3.69,-4.35,-10.01,-5.42
200104,5.29,6.17,5.78,6.75,3.66,3.68,3.8,4.01,4.91,12.59,7.3
200105,5.64,6.74,4.32,1.77,2.9,4.31,3.23,2.05,1.35,-1.03,-6.67
200106,3.89,0.72,2.8,-1.02,-2.14,-0.22,-0.98,-1.75,-4.57,-1.14,-5.03
200107,-0.59,1.43,-1.19,-0.18,3.13,2.05,1.74,-0.12,2.06,-4.11,-3.52
200108,-2.61,-1.18,-0.28,-0.21,-3.78,0.61,-3.45,-4.89,-4.36,-9.98,-7.37
200109,-12.9,-14.06,-9.9,-7.62,-7.69,-5.06,-3.46,-1.79,-5.54,-12.59,0.31
200110,-0.18,3.58,6.7,2.87,0.1,-1.17,-0.74,-0.91,-1.72,7.05,7.23
200111,8.7,13.15,7.24,7.72,5.23,3.63,6.86,1.09,6.71,11.57,2.87
200112,9.15,3.21,3.01,3.39,2.07,1.75,3.76,2.62,0.64,0.39,-8.76
200201,2.78,0.19,-1.37,0.99,0.49,0.84,-1.81,0.75,-1.78,-1.98,-4.76
200202,-4.61,-0.17,3.09,0.13,0.35,0.79,3.09,-1.21,-1.32,-5.48,-0.87
200203,10.67,6.47,6.13,5.37,5.17,4.02,5.71,2.7,4.57,3.1,-7.57
200204,-0.22,0.08,2.07,-2.87,-1.33,-0.2,-2.12,-4.29,-7.94,-9.01,-8.79
200205,-1.79,0.62,0.67,0.36,-1.18,1.49,-0.71,1.44,-2.27,-3.72,-1.93
200206,-7.54,-5.79,-3.18,-4.2,-5.22,-12.81,-5.99,-7.68,-4.52,-8.9,-1.36
200207,-15.77,-11.82,-9.99,-7.36,-5.76,-7.03,-7.65,-6.13,-5.61,-10.32,5.45
200208,0.85,-0.24,1.35,-0.41,0.89,0.67,0.75,-1.42,0.58,2.47,1.62
200209,-13.69,-8.78,-9.05,-8.85,-8.3,-11.85,-8.39,-10.14,-12.48,-8.56,5.13
200210,8.66,6.47,8.92,2.45,6.68,5.91,5.07,10.45,10.12,8.52,-0.14
200211,16.74,10.75,9.93,7.88,5.5,3.85,7.89,4.67,4.69,5,-11.74
200212,-6.82,-5.98,-3.13,-4.66,-3.23,-3.01,-2.25,-5.27,-7.39,-9.05,-2.23
200301,1.74,-4.38,-3.02,-2.77,-2.36,-2.63,-2.67,-3.09,-3.02,-2.09,-3.83
200302,-5.24,-2.89,-2.23,-3.15,-4.51,-3.53,-2.42,-0.64,-1.28,0.63,5.87
200303,-0.54,-2.05,-0.69,0.16,1.04,0.15,-0.11,2.46,1.76,3.17,3.71
200304,12.45,5.7,6.85,11.97,8.57,7.31,7.93,7.96,7.45,9.17,-3.28
200305,16.71,10.58,8.06,7.24,3.66,2.76,4.62,6.19,8.85,4.77,-11.94
200306,2.86,1.3,2.04,3.45,4.23,1.51,-1,0.51,0.15,1.37,-1.49
200307,1.9,2.15,2.36,1.74,2.03,1.45,1.9,1.56,3.11,4.21,2.31
200308,6.32,2.33,1.51,2.66,-0.94,3.27,0.35,2.85,5.18,3.86,-2.46
200309,0.9,-1.5,-2.51,0.33,-0.64,0.29,-1.44,-1.34,-3.46,-1.81,-2.71
200310,10.69,7.9,8.16,2.91,3.84,8.84,4.9,6.89,5.55,7.28,-3.41
200311,3.48,3.23,2.35,-0.3,1.68,2.26,0.42,-0.06,1.34,1.27,-2.21
200312,4.49,4.46,5.85,5.24,6.71,2.77,5.94,1.52,3.11,2.76,-1.73
200401,6.69,0.2,2.46,3.24,0.36,1.45,0.63,1.64,1.02,3.62,-3.07
200402,-2.36,-1.24,0.4,0.74,2.08,3.77,0.77,1.85,3.46,3.49,5.85
200403,-1.51,-1.55,-2.65,-2.7,-1.78,0.07,-0.8,0.37,-0.53,1.86,3.37
200404,-5.68,-1.4,-2.77,-0.69,-2.01,-1,0.2,-4.13,-1.6,-2.17,3.51
200405,3.48,2.62,1.86,0.32,1.88,-0.69,1.27,1.03,1.55,1.29,-2.19
200406,1.55,4.36,3.39,1.75,1.08,0.82,1.67,2.69,1.35,1.15,-0.4
200407,-8.3,-5.07,-4.51,-2.51,-2.6,-2.25,-3.96,-5.09,-2.36,-4.73,3.57
200408,-3.17,-3.35,-0.48,0.63,1.53,0.55,1.83,1.53,1.64,-0.21,2.96
200409,4.63,1.17,-1.22,1.38,0.2,2.47,0.14,3.41,3.93,5.14,0.51
200410,3.22,2.61,1.53,-0.06,1.88,2.33,0.71,2.18,1.14,-0.92,-4.14
200411,7.15,3.71,3.08,3.04,3.57,4.34,5.04,6.15,6.85,7.96,0.81
200412,4.39,3.68,2.2,3.46,3.76,3.61,3.56,3.1,2.66,5.48,1.09
200501,-5.61,-3.2,-2.26,-2.05,-1.43,-0.99,-1.23,-4.44,-1.05,-0.64,4.97
200502,-0.93,0.75,4.88,2.3,1.18,1.04,3.29,1.89,3.96,2.81,3.74
200503,-2.29,-1.31,-0.05,-3.94,-1.51,-1.56,-1.45,-0.89,-0.87,-2.05,0.24
200504,-2.14,-3.63,-3.46,-1.92,0.74,-3.06,-2.12,-2.85,-1.83,-2.37,-0.23
200505,8.98,2.44,2.73,1.86,3.15,2.27,3.25,6.11,3.92,6.15,-2.83
200506,-0.1,-1.22,0.51,1.19,0.45,1.89,0.2,1.58,0.64,4.22,4.32
200507,5.09,4.87,3.08,3.38,3.9,3.32,5.22,2.41,5.32,6.32,1.23
200508,-0.29,-1.3,-1.88,-0.04,-0.34,-1.23,-1.39,-0.22,-0.23,-2.18,-1.89
200509,1.24,-0.19,0.59,0.7,2.79,0.51,-0.43,1.23,1.35,0.58,-0.66
200510,-3.57,-1.14,-0.7,-2.41,-2.58,-0.92,-0.19,-2.19,-2.06,-1.99,1.58
200511,4.99,3.75,4.24,4.14,2.61,2.39,4.31,4.61,4.53,4.54,-0.45
200512,0.46,-0.42,-1.55,-0.91,0.53,1.06,0.3,0.91,1.26,0.05,-0.41
200601,4.89,1.01,1.95,3.29,3.74,3.63,5.35,1.83,4.57,5.33,0.44
200602,1.79,1.72,-1.03,0.57,-1,0.55,-0.34,1.55,-2.8,-2.65,-4.44
200603,1.91,1.56,2.29,1.55,1.27,1.39,2.21,1.59,1.98,1.9,-0.01
200604,-0.12,-0.9,1.46,2.55,1.4,1.97,3,2.24,-0.3,-0.29,-0.17
200605,-5.24,-4.03,-0.87,-2.23,-2.41,-1.37,-1.83,-4.1,-4.66,-5.31,-0.07
200606,-1.21,-0.12,-0.71,-0.18,-0.09,0.78,-0.03,1.4,0.17,-0.06,1.15
200607,-2.82,1.4,-0.25,-0.14,1.94,0.19,0.71,-3.15,-1.78,-2.11,0.71
200608,4.47,3.94,3.66,1.75,1.15,2.37,2.53,0.96,0.75,0.16,-4.31
200609,3.36,3.59,4.06,1.48,2.38,2.2,0.49,2.03,-0.79,0,-3.36
200610,2.71,2.32,3.9,2.59,2.99,4.35,2.3,4.32,3.61,4.82,2.11
200611,0.73,1.28,1.08,1.13,3.69,1.05,1.94,2.56,3.42,5.62,4.89
200612,0.41,2.18,3.75,1.81,1.51,0.33,1.9,0.29,0.39,-3.37,-3.78
200701,2.02,1.07,1.25,2.07,2.4,0.1,0.67,1.44,4.15,3.16,1.14
200702,-2.25,-1.71,-3.41,-1.03,-1.76,-1.04,-1.49,-0.23,-1.34,1.8,4.05
200703,0.58,0.94,0.54,-0.13,0.84,1.74,0.82,1.36,1.96,2.52,1.94
200704,5.69,4.63,4.3,3.95,3.75,3.44,3.68,3.28,4.57,3.51,-2.18
200705,2.96,2.96,3.6,2.15,2.3,3.48,3.38,5.28,5.58,6.35,3.39
200706,0.78,-1.47,-2.54,-0.63,-2.94,-1.54,-2.14,-1.89,-1.85,-1.36,-2.14
200707,-8.5,-4.31,-3.39,-2.17,-3.96,-2.66,-4.39,-2.71,-2.52,-2.17,6.33
200708,-1.35,1.68,1.26,3.46,3.07,1.96,0.85,0.62,1.04,0.19,1.54
200709,-0.78,1.44,2.41,2.75,2.46,4.23,5.51,4.19,3.11,7.64,8.42
200710,2.3,1.64,3.51,0.6,-0.26,-0.58,1.22,2.87,3.18,5.94,3.64
200711,-5.32,-3.89,-4.23,-3.63,-3.72,-5.36,-2.92,-4.95,-5.8,-5.57,-0.25
200712,-2.66,-0.4,-1.69,-2.92,-3.76,-2.03,2.21,1.32,2.3,1.49,4.15
200801,-4.21,-6.77,-5,-3.39,-2.14,-5.33,-6.11,-5.43,-8.86,-11.17,-6.96
200802,-3.79,-2.57,-4.15,-6.27,-4.53,-3.84,-1.08,-2.54,1.26,0.68,4.47
200803,-1.91,1.03,2.65,-1.36,0.06,0.08,-3.47,-0.41,-2.22,-1.22,0.69
200804,2.71,3.61,-1.95,3.94,4.65,6.81,6.64,7.42,6.07,8.07,5.36
200805,1.1,-0.53,0.37,-0.05,1.61,3.4,-0.13,3.92,6.11,6.05,4.95
200806,-8.59,-8.91,-8.85,-13.59,-11.46,-9.45,-6.65,-5.11,-5.36,-5.37,3.22
200807,5.32,2.01,5.19,3.29,0.64,2.36,-1.48,-4.48,-6.84,-9.49,-14.81
200808,1.32,2.18,3.9,0.98,3.45,2.21,0.53,1.26,1.64,-0.88,-2.2
200809,-4.38,-10.18,-7.5,-5.53,-0.12,-7.03,-11.68,-8.18,-13.33,-20.27,-15.89
200810,-13.91,-13.51,-18.73,-15.46,-15.25,-17.54,-15.21,-16.08,-18.96,-22.17,-8.26
200811,-17.94,-8.53,-8.2,-10.12,-9.27,-6.45,-3.65,-7.05,-1.25,-11.15,6.79
200812,4.8,3.28,1.54,2.49,-1.14,0.14,5.3,3.1,0.62,-0.06,-4.86
200901,-6.26,-14.51,-13.27,-10.81,-9.18,-8.8,-9.13,-3.79,-4.64,-1.74,4.52
200902,-12.19,-11.05,-7.15,-11.73,-13.58,-7.04,-11.17,-10.4,-11.53,-9.51,2.68
200903,12.75,12.92,10.27,11.02,11.56,6.54,9.96,8.05,5.24,8.87,-3.88
200904,22.92,11.63,7.85,12.65,13.94,7.74,6.31,11.3,6.94,12.14,-10.78
200905,9.41,5.49,1.44,3.07,5.4,4.26,4.75,2.33,4.91,11,1.59
200906,0.82,0.88,2.92,-2.25,1.9,1.29,2.44,1.85,-1.25,-2.54,-3.36
200907,14.58,9.27,12.19,10.67,5.64,6.86,5.43,7.11,5.34,9.38,-5.2
200908,12.8,9.62,6,2.98,4.88,2.13,1.75,1.16,1.89,2.04,-10.76
200909,1.65,3.58,4.68,2.49,2.72,3.67,5.27,3.6,3.58,7.53,5.88
200910,-12.25,-5.12,-5.84,-4.88,-0.71,-2.41,-1.9,1.55,-1.82,-1.81,10.44
200911,7.99,3.52,7.93,5.55,5.01,5.78,5.84,4.4,5.34,6.9,-1.09
200912,9.41,0.72,2.51,2.56,3.3,4.04,1.85,1.95,2.17,1.67,-7.74
201001,-0.6,-3.44,-1.16,-3.75,-3.99,-3.7,-0.18,-1.65,-4.37,-5.92,-5.32
201002,5.4,5.85,3.52,5.87,2.14,5.69,2.59,2.25,2.35,3.31,-2.09
201003,12.1,9.72,10.39,9.14,5.25,6.51,5.82,4.47,3.44,6.61,-5.49
201004,9.81,3.87,4.83,3.38,2.55,4.04,1.52,-1.24,2.09,0.91,-8.9
201005,-10.51,-11.14,-8.75,-7.31,-8.22,-8.9,-6.25,-7.33,-6.85,-7.3,3.21
201006,-11.62,-10.64,-7.3,-8.45,-5.31,-5.39,-1.9,-4.96,-4.94,-5.61,6.01
201007,9.29,6.82,6.82,6.82,8.86,7.5,4.5,7.43,7.82,6.44,-2.85
201008,-10.51,-9.21,-6.05,-6.75,-5.85,-7.76,-2.86,-3.44,-1.66,-4.56,5.95
201009,10.67,11.7,12.15,9.03,10.14,9.6,6.79,7.73,8.13,12.72,2.05
201010,1.94,0.26,3.15,3.48,4.34,3.23,4.13,2.69,4.55,5.71,3.77
201011,-1.19,0.19,0.68,-0.15,1.94,1.52,-0.35,-2.17,1.68,2.23,3.42
201012,16.38,10.54,9.62,9.18,6.32,8.03,5.1,6.08,6.16,5.78,-10.6
201101,-0.02,4.53,1.07,2.29,1.88,2.98,1.98,2.76,0.2,2.53,2.55
201102,0.89,5.7,4.7,5.2,5.4,3.63,2.78,1.54,4.38,2.92,2.03
201103,-2.54,-1.71,-0.05,0.78,0.72,-0.06,0.45,-0.25,1.05,1.46,4
201104,0.69,0.75,2.04,2.88,3.26,2.39,2.09,4.86,2.01,3.16,2.47
201105,-4.45,-3.51,-2.54,0.22,-2.11,-2.22,-0.88,-0.55,-1.69,-0.43,4.02
201106,-2.45,-4.87,-1.38,-2.09,-1.97,-1.52,-1.83,-0.98,-1.23,-1.51,0.94
201107,-4.75,-6.14,-3.77,-4.21,-3.18,-4.43,-1.33,-3.41,-2.53,2.65,7.4
201108,-15.28,-12.21,-7.5,-7.01,-7.71,-5.27,-2.67,-3.93,-5.8,-4.61,10.67
201109,-18.27,-13.09,-8.96,-7.2,-9.96,-5.88,-6.09,-5.73,-7.51,-6.15,12.12
201110,16.31,16.04,15.34,10.19,12.85,8.06,8.89,11.4,12.41,11.45,-4.86
201111,-9.28,-3.48,-2.06,0.17,-1.48,0.8,0.94,1.55,-0.01,-1.28,8
201112,-0.51,2.24,1.44,2.26,3.1,2.56,1.1,0.76,-3.21,-0.97,-0.46
201201,13.64,9.15,4.57,4.65,5.38,2.24,3.83,2.39,5.25,8.99,-4.65
201202,9.48,5.44,3.79,3,4.36,3.58,3.43,1.47,4.59,6.13,-3.35
201203,9.15,3.16,3.97,3.76,4.89,2,2.69,1.66,1.6,3.26,-5.89
201204,-5.22,-3.19,-1.85,-0.51,0.42,-1.09,-1.25,-1.22,0.61,-0.26,4.96
201205,-12.16,-10.37,-8.19,-5.22,-6.62,-3.65,-3.31,-4.98,-7.22,-7.46,4.7
201206,7.55,3.48,5.09,4.77,4.69,4.59,3.8,2.73,2.5,3.05,-4.5
201207,-2.73,-4.91,-0.78,0.53,1.13,1.31,2.59,1.26,1.08,0.98,3.71
201208,8.24,5.24,3.57,1.2,2.1,1.66,2.1,2.1,1.13,4.29,-3.95
201209,6.65,5.33,2.02,2.98,1.67,2.86,3.79,2.34,1.96,1.5,-5.15
201210,4.03,-4.06,-1.62,0.64,-0.41,-1.14,-2.3,-0.41,-1.3,-5.25,-9.28
201211,-0.95,1.25,0.92,-0.54,0.38,0.31,0.73,1.74,-0.25,1.27,2.22
201212,10.31,3.73,3.35,1.91,1.11,0.99,1.18,0.55,0.28,-1.52,-11.83
201301,6.9,11.2,7.24,6.17,5.95,5.46,6.2,4.98,6.72,0.86,-6.04
201302,-0.44,0.64,2.44,1.74,1.92,1.49,2.18,1.69,0.08,-0.18,0.26
201303,5.8,6.38,3.15,6.15,2.63,5.24,4.11,2.65,4.71,2.82,-2.98
201304,3.16,-1.45,-0.09,0.98,1.63,3.23,2.85,2.45,0.56,0.7,-2.46
201305,9.53,5.92,4.33,5.53,1,4.14,2.01,-0.95,1.98,3.19,-6.34
201306,-3.89,-2.28,-0.38,-1.23,-1.21,0.07,-1.44,0.28,-1.47,-2.84,1.05
201307,7.94,7.05,6.07,8.19,4.89,3.58,5.25,4.16,4.1,7.85,-0.09
201308,-4.38,-2.57,-3.46,-4.26,-1.96,-2.81,-3.35,-3.24,-2.93,-0.73,3.65
201309,2.33,4.83,3.89,4.77,3.17,2.5,3.66,2.8,5.19,4.45,2.12
201310,3.29,4.88,2.5,4.67,5.46,4.61,4.01,5.51,2.22,4.81,1.52
201311,7.11,1.61,3.82,3.98,2.94,2.76,1.76,2.01,3.66,4.33,-2.78
201312,1.81,2.09,2.19,1.59,1.67,2.96,4.53,3.54,3.62,1.91,0.1
201401,-1.29,-3.7,-3.87,-3.07,-4.45,-2.62,-1.97,-3.86,-2.71,-5.85,-4.56
201402,4.64,4.78,4.17,3.05,3.56,5.08,4.72,5.66,5.75,7.07,2.43
201403,3.08,2.05,2.39,2.31,0.61,0.42,0.88,-1.45,-0.7,-3.52,-6.6
201404,-1.89,1.39,0.32,0.83,0.52,0.21,-0.57,-2.18,1.21,-3.06,-1.17
201405,0.34,2.14,0.93,1.2,2.66,1.5,1.36,2.94,4.61,3.27,2.93
201406,4.32,4.54,2.33,2.11,1.99,1.56,1.35,4,2.25,2.42,-1.9
201407,-3.23,-2.58,-2.15,-0.87,-2.61,-1.89,-2.31,-1,-3.21,-0.74,2.49
201408,4.7,3.43,3.34,3.99,4.21,2.79,3.28,5.57,6.37,4.3,-0.4
201409,-2.79,-2.74,-3.25,-0.92,-0.63,-1.05,-3.04,-1.09,-2.47,-3.8,-1.01
201410,0.16,0.25,1.15,2.55,1.58,3.11,2.55,3.11,5.51,3.03,2.87
201411,1.66,1.6,0.62,4.62,0.78,3.57,1.32,3.83,4.15,1.94,0.28
201412,0.68,1.96,0.39,-0.4,-0.16,-0.13,0.65,0.41,-2.47,1.07,0.39
201501,-3.71,-7.21,-6,-3.92,-3.06,-4.56,-3.19,-2.62,0.43,0.9,4.61
201502,4.59,5.74,5.56,4.02,5.87,5.93,5.74,7.13,7.37,8.26,3.67
201503,-5.67,-1.17,-2.21,-1.79,-1.48,-1.2,-0.89,0.64,-1.58,-0.69,4.98
201504,2.27,3.25,-0.05,2.09,1.67,0.67,0.73,-1.08,0.17,-0.29,-2.56
201505,1.7,0.67,1.71,0.72,-0.06,0.29,0.88,1.61,3.21,2.95,1.25
201506,-4.54,-1.02,-0.55,-1.74,-2.48,-2.28,-2.55,-1.75,-1.32,0.19,4.73
201507,-0.66,0.29,0.88,0.89,1.13,0.57,1.86,2.96,4.49,0.73,1.39
201508,-3.96,-6.87,-5.46,-5.87,-5.12,-5.38,-5.3,-4.29,-7.79,-6.47,-2.51
201509,-8,-3.54,-1.58,-1.93,-2.92,-1.78,-1.81,-2.36,-3.43,-4.36,3.64
201510,9.55,4.25,6.84,5.7,5.6,8.91,10.62,9.14,7.97,7.37,-2.18
201511,-1.01,-1.13,1.46,0.09,0.99,1.24,1.75,0.72,-0.94,0.52,1.53
201512,-8.34,-6.07,-5.07,-3.2,-1.62,-0.33,-0.57,-1.49,-3.64,-0.88,7.46
201601,-10.55,-7.71,-8.54,-2.6,-4.86,-4.81,-4.06,-6.26,-5.11,-9.46,1.09
201602,4.19,1.16,0.12,-0.01,1.61,-0.29,-1.44,-0.31,1.18,-0.6,-4.79
201603,15.5,10.04,9.05,8.07,7.22,6.9,6.3,6.31,6.72,5.45,-10.05
201604,13.94,6.87,4.42,1.4,0.38,1.07,-0.94,2.75,-1.95,0.37,-13.57
201605,-5.58,0.32,1.46,1.02,0.67,2.57,1.47,3.86,2.29,0.78,6.36
201606,2.39,0.04,1.24,1.8,-0.07,1.98,0.74,-1.59,0.33,-2.48,-4.87
201607,8.31,4.13,1.39,2.14,2.01,3.3,4.33,4.82,3.35,5.57,-2.74
201608,-3.75,0.8,0.45,0.63,0.34,-0.44,3.08,0.81,-1.77,-0.43,3.32
201609,3.63,1.85,1.74,-0.12,0.19,-0.94,-0.84,1,-0.58,-0.04,-3.67
201610,-7.49,-2.54,-2.38,-3.4,-2.35,0.18,-0.86,-0.98,-2.81,-2.71,4.78
201611,13.86,8.94,5.94,2.48,4.19,5.8,7.1,3.05,4.45,5.25,-8.61
201612,-1.89,-0.53,1.13,2.95,1.65,1.82,2.85,3.11,0.82,1.56,3.45
201701,2.64,1.5,-2.71,1.21,1.81,1,1.4,1.16,3.48,4.81,2.17
201702,-4.33,0.71,0.95,2.57,3.33,5.6,4.93,4.23,3.76,3.35,7.68
201703,-2.25,-0.5,-0.62,-0.15,0.98,-0.85,-0.58,0.87,-0.28,1.41,3.66
201704,-5.33,-2.4,-0.27,0.34,0.48,-0.37,-0.44,2.27,3.66,3.06,8.39
201705,-8.62,-1.49,-1.34,3.07,0.35,-1.44,0.81,2.58,1.58,3.49,12.11
201706,0.41,1.9,0.28,-1.95,2.11,2.39,0.2,2.97,-0.48,0.79,0.38
201707,5,0.89,3.21,1.34,1.72,0.48,3.3,1.5,1.32,3.64,-1.36
201708,-6.43,-2.77,-1.74,2.17,-0.05,-0.03,-0.88,0.44,1.01,1.41,7.84
201709,10.3,5.25,1.53,2.64,3.64,2.76,3,2.4,2.39,1.05,-9.25
201710,-0.83,0.33,1.97,2.65,-1.65,1.16,4.7,3.26,1.52,4.29,5.12
201711,3.02,2.02,5.11,4.19,2.67,2.88,2.86,5.75,2.32,2.32,-0.7
201712,6.44,3.7,1.56,0.9,0.48,1.3,0.8,2.04,0.7,-0.29,-6.73
201801,3.09,4.3,4.51,2.77,2.11,4.24,4.05,7.36,7.82,10.14,7.05
201802,-6.25,-5.96,-7.51,-4.61,-5.38,-4.25,-4.46,-0.98,-4.14,-0.81,5.44
201803,2.17,-0.04,-0.38,-1.24,-2.43,-1.35,-2.18,-3.27,-2.56,-3.27,-5.44
201804,3.05,3.39,3.14,0.14,-1.54,0.86,0.22,-0.9,-0.07,1.16,-1.89
201805,9.65,3.52,1.11,1.59,1.23,-0.54,2.29,0.33,3.97,6.35,-3.3
201806,1.4,2.46,2.05,0.71,-0.29,0.09,-1.27,1.13,0.58,1.08,-0.32
201807,0.2,1.02,1.7,3,4.42,4.18,4.82,6.07,5.28,1.08,0.88
201808,-1.54,0.75,1.25,2.54,0.83,3.17,1.13,1.96,3.32,7.73,9.27
201809,1.15,0.49,2.43,-1.74,0.21,0.65,1.87,-0.6,-0.55,0.42,-0.73
201810,-13.74,-10.89,-9.12,-5.18,-5.24,-4.24,-4.72,-5.98,-7.85,-10.19,3.55
201811,-5.5,-0.61,-2.93,3.5,3.85,3.81,3.53,4.23,3.11,-1.69,3.81
201812,-18.28,-10.88,-11.56,-9.12,-8.42,-10.67,-9.14,-7.7,-8.82,-9.76,8.52
201901,16.76,15.24,9.64,9.12,6.8,7.75,5.7,8.34,6.44,10.84,-5.92
201902,0.66,3.84,4.26,2.35,2.78,3.35,3.97,3.28,5.36,2.82,2.16
201903,0.6,-0.9,-1.16,1.19,1.56,-0.52,0.76,1.55,-0.06,3.02,2.42
201904,-1.28,3.44,3.33,1.47,1.84,4.94,4.62,4.24,4.2,5.74,7.02
201905,-15.35,-10,-10.8,-5.91,-5.19,-5.04,-7.27,-5.5,-8.3,-5.43,9.92
201906,4.86,8.74,8,6.56,6.65,7.9,6.32,5.97,8.26,7.47,2.61
201907,-3.44,-0.89,-1.06,2.72,1.29,-0.4,0.06,0.97,5.16,1.21,4.65
201908,-8.95,-10.02,-5.35,-1.81,-1.01,-2.47,-2.37,-1.92,-2.15,-0.91,8.04
201909,3.71,3.88,3.81,3.86,2.93,2.51,2.16,2.56,2.76,-1.55,-5.26
201910,-1.39,-0.41,-0.07,1.49,0.93,2.22,1.87,2.2,3.96,3.06,4.45
201911,7.39,3.9,4.6,2.56,2.5,3.79,3.48,3.83,3.47,5.49,-1.9
201912,5.99,4.63,1.45,4.08,1.78,1.61,3.42,4.03,3.25,2.32,-3.67
202001,0.46,-5.49,-3.68,-5.36,-3.27,-3.11,-1.13,0.9,-0.06,4.65,4.19
202002,-10.18,-8.76,-9.71,-8.48,-9.09,-9.77,-9,-8.77,-8.36,-5.33,4.85
202003,-29.31,-21.25,-18.27,-20.77,-19.22,-13.01,-11.13,-11.9,-13.02,-8.22,21.09
202004,7.7,13.25,13.34,14.65,14.72,12.04,10.81,12.43,13.57,15.34,7.64
202005,2.93,3.07,2.47,5.05,3.29,4.1,2.02,7.11,6.46,5.92,2.99
202006,6.03,1.86,6.58,1.31,0.77,0.58,1.73,-0.01,-0.49,5.41,-0.62
202007,9.37,-0.7,7.86,1.02,4.44,2.13,5.51,8.28,6.14,6.96,-2.41
202008,2.05,1.52,21.61,4.04,4.11,5.58,4.77,10.71,6.64,8.6,6.55
202009,-4.11,-6.34,-8.07,-3.06,-4.45,-2.47,-0.9,-5.47,-2.54,-4.37,-0.26
202010,4.5,-1.38,-3.71,-1.54,-1.54,-3.61,-1.05,-0.04,-3.12,-3.09,-7.59
202011,28.86,16.48,13.88,16.39,13.77,15.45,11.33,8.71,10.32,9.91,-18.95
202012,5.62,4.48,3.48,5.78,2.36,9.15,2.2,1.42,5.55,4.84,-0.78
202101,15.43,7.57,0.65,2.02,-2.3,-1.16,1.75,-2.09,-2.59,-0.94,-16.37
202102,5.68,8.24,7.12,3.89,5.43,4.06,3.81,3.18,5.07,-0.89,-6.57
202103,6.62,4.81,7.17,7.53,5.7,5.3,7.83,4.38,4.39,-0.16,-6.78
202104,-0.5,1.43,4.8,3.36,3.38,4.16,4.11,6.3,2.57,6.87,7.37
202105,4.74,5.37,4.36,4.03,1.46,2.52,1.58,2.63,0.78,-2.5,-7.24
202106,4.78,0.69,-0.35,-2.04,-2.35,-1.88,-1.68,-0.51,2.43,7.16,2.38
202107,-10.79,-5.91,-3.28,-1.54,1.18,0.78,2.14,1.67,3.45,2.76,13.55
202108,4.28,-0.25,1.96,0.73,1.75,2.72,1.74,1.88,3.72,3.99,-0.29
202109,0.89,2.59,-1.64,-1.02,-1.99,-4.71,-4.86,-3.91,-6.12,-5.15,-6.04
202110,6.22,4.85,5.04,2.43,1.9,4.32,3.16,7.08,5.66,10.17,3.95
202111,-7.63,-5.33,-2.96,-4.86,-3.57,-2.42,-4.72,-2.49,-1.56,2.21,9.84
202112,-1.08,3.36,5.64,6.82,5.5,7.52,6.14,7.29,5.28,0.72,1.8
202201,3.43,9.29,3.92,-0.08,-0.41,-0.53,-2.33,-6.04,-7.1,-9.46,-12.89
202202,7.49,2.71,2.86,-2.13,0.34,-0.76,-1.17,-6.32,-2.8,-3.6,-11.09
202203,7.82,2.52,0.44,3.85,3.02,2,2.3,2.7,3.58,4.5,-3.32
202204,-6.27,-2.35,-1.88,-4.81,-2.44,-5.25,-7.47,-7.14,-9.77,-14.39,-8.12
202205,8.77,8.65,4.15,5.36,1.54,2.32,0.49,-0.77,-0.98,-3.35,-12.12
202206,-15.21,-11.76,-8.13,-9.09,-4.64,-6.44,-9.24,-8.22,-5.96,-9.34,5.87
202207,6.16,8.29,5.48,6.23,2.13,5.99,5.96,7.71,8.5,16.6,10.44
202208,0.77,0.15,-0.08,-2.34,-2.35,-3.51,-2.48,-1.76,-4.51,-5.9,-6.67
202209,-12.7,-11.41,-8.49,-7.19,-6.88,-7.45,-9.4,-7.87,-9.2,-10.28,2.42
202210,18.57,13.28,19.03,11.29,9.5,10.42,11.44,9.75,6.04,3.23,-15.34
202211,2.41,8.77,4.61,3.61,4.08,7.08,6.61,7.43,7.26,2.86,0.45
202212,-2.88,-4.48,-4.64,-3.04,-3.32,-3.15,-3.86,-3.88,-4.26,-10.36,-7.48
202301,8.4,9.34,8.16,1.85,2.17,4.42,2.75,5.43,6.35,11.59,3.19
202302,-3.45,-4.47,-2.49,-4.17,-4.28,-3.24,-1.98,-1.83,-5.68,1.21,4.66
202303,-1.98,-2.26,-1.57,1.58,-1.85,-1.33,0.55,2.21,3.38,9.52,11.5
202304,-0.84,-0.12,-0.49,-0.19,0.78,3.68,2.55,1,1.51,0.65,1.49
202305,-2.06,-0.95,-4.27,-2.33,-2.77,-5.96,-1.29,-3.21,1.15,6.12,8.18
202306,6.66,7.63,8.45,5.85,5.04,7.45,6.85,6.7,4.22,8.31,1.65
202307,4.72,3.67,8.1,5.78,4.07,4.07,3.44,2.49,3.77,2.31,-2.41
202308,-6.86,-4.01,-4.83,-3.4,-2.77,-1.97,-0.24,-1.68,-0.7,-1.42,5.44
202309,-8.82,-8.64,-2.87,-2.84,-4.28,-5.44,-4.01,-3.99,-4.37,-5.83,2.99
202310,-7.44,-3.6,-4.79,-2.51,-1.41,-0.14,-3.8,-2.65,-3.84,-1.06,6.38
202311,14.38,11.01,10.87,5.71,10.36,7.61,5.21,7.23,9.39,12.04,-2.34
202312,14.22,7.9,7.09,5.37,4,4.84,5.56,4.27,2.9,5.62,-8.6
202401,-11.16,4.05,2.74,-1.53,0.33,2.03,0.91,0.91,2.88,0.7,11.86
202402,1.55,10.86,6.08,5.77,2.92,2.67,2.37,3.62,5.09,8.87,7.32
202403,1.99,5,3.35,2.58,3.26,3.65,4.48,4.8,2.82,2.33,0.34