date,xRm-Rf,xSMB,xHML,xRMW,xCMA,xUMD
1963-07-31,-0.0040485544999375005,-0.0115767003953164,-0.0066824753868988,0.0076771703617091,-0.0133369852145644,0.0087680364598862
1963-08-31,0.0510503885733613,-0.005012138706160567,0.0072559849882514,0.0055253730826733,0.0005154889194963,0.0115329302129758
1963-09-30,-0.0156767642666106,-0.007337386803405632,0.010841985797394,-0.0059054705720783,0.0057568801746681,-0.0025616713571138
1963-10-31,0.0247872823594952,-0.008826072012831932,-0.0060616433628238,0.0279621255178853,-0.0216485484337142,0.0347553064950149
1963-11-30,-0.008690341128266901,-0.0074253491537149665,0.0127153330293772,-0.0033866159352135,0.0212007591245822,-0.0182267870018312
1963-12-31,0.0184510262146914,-0.018092537307497335,-0.0039473891157591,0.0039396185526627,-0.0004096455789173,0.0113313905854417
1964-01-31,0.0229931493423494,0.0017971038119124,0.0081204496865018,0.007086592210139,0.0043681975217645,0.0098580720991355
1964-02-29,0.0151243275779984,0.0027189419416158,0.0274565814280513,0.0015654533099256,0.0114395099877399,0.0030725680013658
1964-03-31,0.014003739113552799,0.021152542618337964,0.0384414562066805,-0.0233140706532941,0.0280306196851058,0.0030791776018368
1964-04-30,0.0013710030859013,-0.013627061490173868,-0.0065935702471339,-0.0118477475561406,-0.0168235414048375,-0.0103553475893809
1964-05-31,0.013638136546328701,-0.005745891925882533,0.0168970499124944,-0.000712016602751,0.0011775190257131,0.0256645852088344
1964-06-30,0.0122569923044363,0.006589195218161567,0.0066818652720651,-0.0049550320582229,-0.0050444756718574,-0.0001734663895268
1964-07-31,0.017602460048529802,0.010244078217169066,-0.0041830247200153,0.0004224703948738,0.0156289365466149,-0.0056239696453112
1964-08-31,-0.014148263285510101,0.004296855429873433,0.0042127375145472,-0.0021028725387634,0.0006410071688724,-0.0035095941605965
1964-09-30,0.0268863809364687,-0.0043806904192344,0.0051492171085331,-0.0088659678952007,0.0029834358231489,-0.0026802807683469
1964-10-31,0.0062165608343956996,0.0166176485819355,0.003119250668148,-0.0052060669214447,0.0040474454992146,0.0038054932558271
1964-11-30,-3.532875689599927e-06,0.0011319048345967114,-0.0238240453013084,0.0055088434093375,-0.0028801214606881,0.0095364340929734
1964-12-31,0.0004246913129633003,-0.0059010366721374335,-0.0207687360685778,0.0111355232218277,-0.0103396167132931,-0.0166460215447757
1965-01-31,0.0355175226290568,0.022237769438973303,0.0043214250848817,0.0075930580265137,0.000250915578609,-0.0097689308774909
1965-02-28,0.0045950257079568,0.0345208712037815,0.0012581253778365,0.0033328908207737,-0.0047299523118876,0.0001981126406496
1965-03-31,-0.013264762451517798,0.0172827165784943,0.0075331552955297,2.5712181565974712e-05,0.0036359952614401,0.0046308413188389
1965-04-30,0.031074342439090803,0.0077679845468163,0.0061443081692208,0.0046718648981604,-0.02160535653607,0.0219541003485779
1965-05-31,-0.0074418431879908,0.0015414011692637,-0.0017724607367174,-0.0053963739303398,0.0096749505000585,0.0065919339468796
1965-06-30,-0.054550845893450495,-0.039140421996408534,-0.0084623243581678,0.0031671530830375,-0.0026618523491027,-0.031979299713104
1965-07-31,0.0147583940095005,0.010411627221838799,0.0179132319091913,-0.0168210687311148,0.0031189296736803,0.0438411237923745
1965-08-31,0.0270131188140537,0.03491860675377784,-0.0267245857077431,0.0133599212289495,-0.0115627486543577,0.0261825393953515
1965-09-30,0.028827471680640003,0.004506657533347734,0.0090886834059767,-0.0154305193450212,-0.0005745885026457,0.0305319728539655
1965-10-31,0.0259981529562242,0.0309716391436986,0.0190752239865089,0.009765468622295,-0.0095131688541443,0.0351194947267411
1965-11-30,3.646556550050044e-05,0.05213534639809103,-0.0053520910282027,-0.0084053476761203,-0.0034070906768112,0.0539617790918531
1965-12-31,0.010034191002272801,0.0244349523806246,0.0208148478717121,-0.0136566727479788,-0.008508799251291,0.0079863361443648
1966-01-31,0.0073856243858113,0.037861594554695066,0.0322691263886558,-0.0224284173175483,-0.0029867600459229,0.0544104258390011
1966-02-28,-0.012772321837965,0.04098977808283386,0.0028819739086034,-0.0021578541433902,-0.0203039657783168,0.0426267390594779
1966-03-31,-0.0252271936411632,0.0036599149039127,-0.0161872782830469,0.0127339198042631,-4.05616115331936e-05,0.0129732156465319
1966-04-30,0.020868533713896,0.0308398654663766,0.0066439514328852,0.003489603799016,-0.0074119632802174,0.0557210571815368
1966-05-31,-0.0561996846447457,-0.0434028278592477,-0.0246567268513737,0.0190344450778176,-0.0146030724967088,-0.0492882723522902
1966-06-30,-0.0149736908900551,0.0180064245249936,0.0171054445318813,-0.0041248471194894,0.0032237649463789,0.0304217881056313
1966-07-31,-0.0166053179096443,0.0005486758944499,0.0116140841995644,-0.0042356009689527,0.016015820332763,-0.014525051337079
1966-08-31,-0.0794586424238243,-0.0306708142913119,0.0100648650964268,-0.0053129528266147,0.0089625854493362,-0.0292873671133256
1966-09-30,-0.010778643901325699,-0.014846144336999066,0.0106659260861937,-0.0195490779674853,0.026009800887539,-0.0196783260823325
1966-10-31,0.039042729141573695,-0.05467010443758854,0.0380650740959537,-0.0331602967377911,0.0344832695193005,-0.0540717830554558
1966-11-30,0.014689760692587001,0.029730963186957404,-0.0590162214703975,0.0367488474926116,-0.0631476995254789,0.0624662160635904
1966-12-31,0.000981430636354,0.017946173854592566,-0.0080127934961349,0.007144101278912,-0.0035600540283088,0.0155501935515622
1967-01-31,0.08143363934629501,0.08915950503472037,0.0025624916166986,0.0105121797966681,-0.0266876434389009,-0.0568869433394863
1967-02-28,0.0075320493010224,0.023848856874462032,-0.0244885688239385,0.0186538446990173,-0.0077029260472986,0.0287104843329351
1967-03-31,0.0395399070054024,0.02177567979153443,0.0002836947533095,0.0126800253073821,-0.0186951893963405,0.0165295000853083
1967-04-30,0.0392511375241349,0.0029122062753511335,-0.0138828767043764,0.017639973340659,-0.039926168473868,0.0062470659847334
1967-05-31,-0.0434355887223686,0.027791069046918433,0.0117895267712715,-0.0184573234048873,0.0214321116587852,-0.0008194655485532
1967-06-30,0.0244004108065588,0.06321197919958846,0.0023547989316076,-0.0080950249570651,-0.0248361198742991,0.0652174573672023
1967-07-31,0.0456415012438135,0.030652312785564934,0.0271589286485742,-0.0068123262126178,0.0216740529476665,-0.0057489547296042
1967-08-31,-0.0089085831935976,0.006775302823483133,0.0204487343916736,0.0010625985559472,0.0156351568933135,-0.0125455516877371
1967-09-30,0.031669844588407096,0.018609262382967298,-0.0202061261277268,0.0025564036909049,-0.0107306257723964,0.0240292172325776
1967-10-31,-0.030686658057092,0.0001396110574745001,-0.0218511694391569,0.0006965853446284,-0.0284135570668849,0.0194493709549438
1967-11-30,0.0036529896304690005,-0.0015829692900781666,-0.0199242834266946,0.0126314029517492,-0.0255101229032373,0.0086560912463443
1967-12-31,0.0303049460725659,0.04832770041440313,-0.0017104913863906,-0.0116996176968998,-0.0010642573278641,0.0371905939147779
1968-01-31,-0.039588275474071496,0.0447927066068822,0.0469926435044353,-0.0438464303175644,0.063930954457403,-0.0438392015122869
1968-02-29,-0.036112730471271004,-0.028742081274990134,0.0104861778240818,0.002140207073858,0.0254477036063325,-0.0325059368061749
1968-03-31,0.0028089689508116003,-0.013239347205600568,-0.0138290814882781,0.0092931951956761,-0.0175408672337759,0.0276251582238396
1968-04-30,0.0889096061752607,0.06356721098873097,-0.0164957264231495,0.0224997253066046,-0.0377188161174063,0.0550322832999103
1968-05-31,0.022240708391830198,0.07187198165108487,-0.0094820686970299,0.0012748134603958,-0.0239225530075023,0.0398994768357475
1968-06-30,0.007434851596756701,-0.005172882140470167,0.0062724025732483,-0.0104695701771881,0.0245901131887361,-0.0219456846838985
1968-07-31,-0.0270461678297696,-0.017454878534394768,0.0616883980237374,-0.0349161367504388,0.0338106061127693,-0.0105953345944923
1968-08-31,0.0134601843011319,0.0221394871519577,0.0100312528454119,-0.0103006432485856,0.0025469843931096,0.0239925391497067
1968-09-30,0.038639467060775104,0.0264983312095347,0.0060073819318219,-0.0248749888956381,0.0087675907322181,0.0025255087106104
1968-10-31,0.0043429719063522,-0.002702170309691067,0.0342420277781317,-0.0152200603705347,0.0237878839801902,-0.0119738411344298
1968-11-30,0.054945636575287796,0.024714854706425968,-0.0154998357162456,0.0034620286362122,-0.0212862389843926,0.0219984253905037
1968-12-31,-0.039239479308783895,0.03399050251792793,0.0042257475759671,-0.0166987583955248,0.0165649919896609,0.0033479878812224
1969-01-31,-0.0131831143570145,-0.0035179214923779004,0.0134557538271746,-0.0146093935546738,0.0153238097495352,-0.0023125631269015
1969-02-28,-0.0567109430365801,-0.039655163527031,0.0114391968955893,0.0164194762231336,0.0096912827978462,-0.0279741663290684
1969-03-31,0.0266479184167682,-0.006479530553747267,0.0010039082408094,-0.0149681508910534,-0.0033304652655214,0.0382450346906875
1969-04-30,0.014647460212211302,-0.007650713299469667,-0.0021541985472159,-0.0013596065109211,-0.0002062024737206,0.0088344799992703
1969-05-31,-0.0003761786834257999,-0.0030256587125574667,0.0116232447846962,-0.0118236568610158,0.0108309917700787,0.0163496276078875
1969-06-30,-0.06998912702944249,-0.052833948120402034,-0.0092991158372564,0.0386265788112018,-0.0140750832396075,-0.0259637772857599
1969-07-31,-0.069544383255009,-0.033592683806767734,0.0150315118335343,0.0074841617494519,0.0196104134043309,0.0097273607179304
1969-08-31,0.0465631465817157,0.0092727895271106,-0.034490885801326,0.0145173102086828,-0.0438768137098066,0.0201492958461219
1969-09-30,-0.0298429390159109,0.013658920289805,-0.0315705886859633,0.0307743699013898,-0.0067614717449914,0.025148028233683
1969-10-31,0.0506059834141398,0.03594318897869303,-0.0286144370410664,-0.0034095908398269,-0.0160773373899289,-0.0390788636631581
1969-11-30,-0.038646732023268,-0.026118920639145504,-0.0068115854717613,0.0115324783718939,0.0022466990095432,0.0323285752232894
1969-12-31,-0.0256967514954215,-0.0365956541493602,-0.0215328024629104,0.013956790013638,-0.0116056932863925,0.0491399183382834
1970-01-31,-0.0808612980963779,0.0317717778224054,0.024255986612621,-0.0197623111127337,0.0417212106119218,-0.0042547460164212
1970-02-28,0.0527502207143372,-0.023841220433605398,0.0325932985294309,-0.0259862646091096,0.0305740767277479,-0.0009417232024344
1970-03-31,-0.0091575161580054,-0.02163764747475023,0.0475150908990919,-0.0112213251519105,0.0458332026926493,-0.0121463749203842
1970-04-30,-0.108465646991125,-0.06186401423788467,0.0651491648701426,-0.0112783230984608,0.0610488508399632,-0.0223691982556594
1970-05-31,-0.0681313284034269,-0.047076472829906964,0.0446990328467081,-0.0124412334843406,0.0394430475377137,-0.0366031279090642
1970-06-30,-0.0579175297910944,-0.019729472438307832,0.0159337380820877,-0.0033405526521295,0.0297351354982891,0.0457249340429104
1970-07-31,0.06923031698776161,-0.0064680197787692325,0.013266128948958,0.0009652993965576,0.015711165951057,-0.034387118118832
1970-08-31,0.044973498214537,0.01833320898860957,0.0085329177540712,-0.0026076833324232,0.003413572862456,-0.0625458831660737
1970-09-30,0.041506653570873096,0.08689196429120637,-0.0631755881723331,0.0061314915086431,-0.0566560373948751,-0.0847626684852751
1970-10-31,-0.022911977204807,-0.04538649980735754,-0.0042106654587875,0.0149342748047227,0.0210608397942831,0.0887938214999809
1970-11-30,0.0472472504185674,-0.03955182949072144,0.014355547722374,0.0101662927235317,0.0148240330147507,0.021122806516962
1970-12-31,0.057893249335932,0.029562460846316863,0.0167679018300564,0.0021012292823957,0.0039152241617152,-0.0300805695082712
1971-01-31,0.0472383715707316,0.07239954349658546,0.0203344108237816,-0.0206885584608637,-0.0030070492251822,-0.0707307691938328
1971-02-28,0.013182027667195999,0.0204388434353371,-0.0223757945013987,0.009266774032041,-0.0101794905174859,0.0083937824988342
1971-03-31,0.040967824926863294,0.023408699977374603,-0.0424673669016039,0.0196155498907979,-0.0297498344562092,-0.0098064000198388
1971-04-30,0.0311520945905906,2.510291935333096e-07,0.0011327810225975,-0.0192468273961684,0.0117809429743074,0.0271257054967244
1971-05-31,-0.0398087107570021,-0.010982794911055067,-0.018942691578344,0.011219891010705,0.0034461176543592,0.0066761503584058
1971-06-30,0.0004930781699282998,-0.0177360680328799,-0.0198325914406702,0.0183175117249527,-0.0152379958281674,0.0261717909477147
1971-07-31,-0.0463560302851599,-0.0129698167593415,0.0044527612510351,0.0021304202461819,0.012632208076126,-0.022723327227635
1971-08-31,0.038454646735847,-0.0002848820633244334,0.024651773804177,0.0044336266448152,0.027258542918349,0.0313579883995326
1971-09-30,-0.0084427367832096,0.00015528371967293335,-0.023790666814395,0.0235848595582093,-0.0147231499530232,0.0183488423832241
1971-10-31,-0.044122558041667904,-0.018837974509808033,-0.0002268423348193,0.012146034065606,-0.012708691079857,0.0028614916555619
1971-11-30,-0.0043048005946592005,-0.029533930898209465,-0.0134057422859169,0.0217521109504931,-0.0026649293621943,0.0120540366476917
1971-12-31,0.0861057214078427,0.03346880155743717,-0.0053763104277047,-0.0040731739410019,-0.0170433730110182,-0.0073495888982878
1972-01-31,0.0234792681517447,0.06351449022241634,0.0159764231380539,-0.0239602624646147,0.0064888386144778,-0.0002359041087083
1972-02-29,0.0274634879098809,0.008704348656377333,-0.0237978844180205,0.0145131470126003,-0.0027684533874306,0.0286979140710887
1972-03-31,0.006813363965211,-0.0032981679606164994,-0.0231023385571611,0.024799332616009,0.0006956875326513,0.0272639401946971
1972-04-30,0.0033578496667378,0.0010544432233273665,0.0068879445035648,-0.0027704646491722,-0.012438560473928,0.0243082035249443
1972-05-31,0.012662697660104801,-0.03322215750853933,-0.0216511427461202,0.0194534357279041,-0.0178539801884068,0.0301945550513169
1972-06-30,-0.0249009567063112,-0.005259262944182867,-0.0169789875065398,0.015951847255086,-0.0040197476546594,0.0180402269455457
1972-07-31,-0.007560179027132101,-0.027827270457309202,0.0056738970480177,0.0161060751411135,-0.0093781656286136,0.023364299959108
1972-08-31,0.0324973028003589,-0.035510538739194235,0.0455047649877077,-0.0274981878331145,0.0282080338006455,-0.0565780449580884
1972-09-30,-0.0111199665867541,-0.020042726627896565,0.0020938263702323,0.0201490280979152,-0.020193596108154,0.014414910237556
1972-10-31,0.005704062664901401,-0.023350079499768334,0.0102570190406313,0.0047614885700353,0.0029330341404313,0.0060859326695846
1972-11-30,0.0458163589578979,-0.004141274614185167,0.0469448391748355,-0.0227282320494215,0.0331536619005589,-0.0471005445268876
1972-12-31,0.0060238657402927,-0.017442924216388964,-0.0218921517776014,0.0246577981482224,-0.0221108218823221,0.0489189025741116
1973-01-31,-0.0304235449917944,-0.031348521866677664,0.0269127604374568,0.003296648432085,0.0008377199107196,0.0298564161180366
1973-02-28,-0.045611554765487,-0.0394656375357361,0.015051244198436,-0.0024499034356346,-0.002690439733923,0.0098752329330951
1973-03-31,-0.0104876561343697,-0.0220822624778039,0.0281524935731783,-0.0085990196146333,0.0011787608476562,0.0315490594320538
1973-04-30,-0.0513381143502587,-0.03206207982481927,0.0585593326420698,-0.0214771048741257,0.0274058415663513,0.0565968949671553
1973-05-31,-0.0259779570486168,-0.05936230048425703,0.0052602258169886,0.020238260237138,-0.014214545271974,0.0585193255368637
1973-06-30,-0.014144235236402,-0.025152883344056933,0.0114851454952983,-0.0061188170192768,-0.0019951704440181,0.0439436971986857
1973-07-31,0.0499579366956509,0.0751093569832,-0.0527471341140317,0.0146431194681229,-0.0311009691928589,-0.1191335414511998
1973-08-31,-0.0380120894970842,-0.016095860171801868,0.0095919820313206,-0.013806073150639,0.0125107595165035,0.0328038128839083
1973-09-30,0.0481150324220253,0.0363260430243604,0.0214553324581496,-0.029860222788613,0.019705173225602,-0.0660945496168751
1973-10-31,-0.008638075733423501,-0.0007299267790348667,0.0132797584093972,-0.0196414849821626,0.0259459297745905,0.0632256004822609
1973-11-30,-0.127799812660562,-0.0734898552461157,0.0362925689192921,-0.0292863889527249,0.0157231545258979,0.0598700093650217
1973-12-31,0.0063388802291938,-0.04579221799957447,0.0428471190664064,-0.028567145651519,0.0254698520685736,0.0912852790137886
1974-01-31,-0.0015592878745796998,0.10337203795837513,0.058177119133027,-0.0313789852585795,0.0424501832502038,-0.0906622423960859
1974-02-28,-0.0051488959984413,-0.0019397168069899089,0.0310683979938876,-0.0182302649868225,0.0263119892437738,0.0054609156998257
1974-03-31,-0.0275536347596078,0.0249855743447744,-0.0021055493295611,0.028207140862853,0.0030958594170328,-0.01808722500472
1974-04-30,-0.0532148931968128,-0.006646284803246666,0.0078379497439303,0.026115657289089,0.0205505314166557,0.0114935693887066
1974-05-31,-0.0467736254667407,-0.03170662782889063,-0.0216653730247967,0.0530715190476167,-0.0052886048475501,-0.0149284017063403
1974-06-30,-0.028617703161270998,-0.0003976096609477001,0.0095164736979804,0.006146618679188,0.0285233449877773,0.0224879022938332
1974-07-31,-0.0798156093189861,0.018287983088330465,0.0495009265707717,-0.0346605016762959,0.0428962065997837,0.0342857084565336
1974-08-31,-0.0937999913035538,0.002572243074854933,0.02482452095336,-0.0037226609562839,0.0251152927447481,0.0238267734763249
1974-09-30,-0.11760371134177369,0.014252710262519133,0.0572926585515621,-0.0450573482454194,0.0598439062463974,0.0324147687012691
1974-10-31,0.1604744736871673,-0.0638310027657827,-0.0928921944052837,0.0092601976092979,-0.0299858406427553,-0.0045380602684346
1974-11-30,-0.044873774254071803,-0.014629541737757332,-0.0028824633548485,-0.0340640210674162,0.0303968696846461,0.0351014913613937
1974-12-31,-0.034318396582237495,-0.044154845282522275,0.0028639286781889,-0.0040025535816533,0.0318823845065263,0.0239895792112943
1975-01-31,0.1361293512121405,0.1311531859177896,0.0785023863187391,-0.0197753341639441,-0.0052932435589158,-0.1362405603882285
1975-02-28,0.0550144277839213,-0.005649503031500567,-0.0497415781358736,0.0150050562977149,-0.021217491374591,0.0110456724749705
1975-03-31,0.0271851139391434,0.039918424331270366,0.0254967676229743,0.0171072850521789,-0.0114473016112832,0.0076019910967966
1975-04-30,0.0422841996952482,-0.0075428328345431665,-0.0103433919749466,0.0076425577446793,-0.013906138599782,0.0167419403060052
1975-05-31,0.0517385507164392,0.02994812882563717,-0.0427847710004916,-0.0102190357683348,-0.0026913025092038,6.065998869063394e-05
1975-06-30,0.0479841816770223,0.013461560262491267,0.0193799267868759,-0.0276687943234975,0.0106769876029265,0.0032022519188766
1975-07-31,-0.065664023874289,0.031855753177182304,0.0190225361689927,-0.0006226796537602,0.0150291581233611,-0.0047045333115863
1975-08-31,-0.0282762320885172,-0.029454984403785064,-0.0072398164826371,0.0123784041917843,-0.0089566484567177,-0.0076351540498596
1975-09-30,-0.0426143075978988,-0.0005297515128254,0.0006545930717467,0.0099581867698609,0.0049166659184139,0.0021295589210009
1975-10-31,0.0532364721830992,-0.042657358306279265,0.0085890354509143,-0.0061370683370249,0.0251725908435459,-0.0057113798840543
1975-11-30,0.026580774924636,-0.006373992223665067,0.0189453687499268,0.0002848100717126,0.0176620793149431,-0.0020334240294396
1975-12-31,-0.01591130365766,-0.00045188704254920005,0.0189276580930719,-0.0035006299593543,0.005808425822117,-0.0043424559755065
1976-01-31,0.12154692030325849,0.06784389850054921,0.0791228193356161,-0.0200133340961185,0.0213551936741737,0.052857952902088
1976-02-29,0.0030004738009863,0.08309840069351873,0.0603805441112818,-0.0256452830067116,0.0368206181084693,0.007197771326889
1976-03-31,0.023179338335128,-0.013791112590579366,0.0014322194091536,-0.0060301400477411,0.0090544707775408,0.007579164692369
1976-04-30,-0.014773985639923298,-0.0010417483864719333,0.0036776899161214,0.003154249150037,-0.0117162796665628,-0.0025346280415843
1976-05-31,-0.0133723172617661,-0.011051324525237632,-0.0206343033503073,0.0254370601448723,-0.0144108050053749,-0.016579816707071
1976-06-30,0.0405961005296124,-0.007905459002392532,0.0123198777414415,-0.0069954710186222,0.0116306438631991,0.0025595271752636
1976-07-31,-0.0108190178942471,0.005722547793892033,0.0159794706832466,-0.0067902653117916,0.0034993176242533,-0.0008570769823257
1976-08-31,-0.006081929359979799,-0.020967431154713865,0.0071932885293159,-0.0044608603929395,-0.0049072133463786,-0.0072209393132561
1976-09-30,0.0202306942667367,0.001842172315438733,-0.0033971440992015,0.012328852789897,-0.0104492773693612,-0.0007812769387665
1976-10-31,-0.0238958908775747,0.0005236051209786334,-0.0038594529191763,-0.0021997231499385,-0.0031546197773708,-0.0046105647252467
1976-11-30,0.0025749706750129997,0.02680582113745697,0.0157450178060083,-0.0138641885521451,0.0025781665619431,0.0259079220848017
1976-12-31,0.057109889225454194,0.03683776202087477,0.0212400037347418,-0.0033020573643499,0.0230589734033653,0.0196418675936269
1977-01-31,-0.0408587321651517,0.058955774803569,0.0430508618750491,-0.0079513228899377,0.0202120505111195,0.0320513280691496
1977-02-28,-0.0193570176828043,0.010411910180022167,0.0066623237361481,0.0003066385555764,-0.0017970959466835,0.0049608944782382
1977-03-31,-0.0132649173176027,0.014090245792776833,0.0087182113949639,-0.0038102235140378,-0.0019470468361521,0.0069045638943401
1977-04-30,0.0008987082115476,0.007260005333512266,0.0330982700225661,-0.0203162489813545,0.0098341324422453,0.0394737336746952
1977-05-31,-0.0151680622127824,0.013984499489651797,0.0101239610265567,0.0062767684796639,0.003184173424141,0.0242359154191278
1977-06-30,0.046959146754240996,0.022126712118995636,-0.0080245408228165,0.0056538510669997,-0.0115123558315278,0.0205482672886254
1977-07-31,-0.0162255350785353,0.015878813604129734,-0.0022195537853978,0.007327752240555,0.0009875495532899,0.0016193369497806
1977-08-31,-0.0172927237145734,0.008352750825814466,-0.0314840616925599,0.0124978050758472,-0.0066697786547007,-0.0055910716431267
1977-09-30,-0.0028953331992944,0.0156890871443874,-0.00112560109278,0.0152069783096193,-0.005820713853889,0.0369657347430288
1977-10-31,-0.0437065087643661,0.014392424211631468,0.0174185323085055,-0.0018901808600038,-0.0043849924531784,-0.0045555588900886
1977-11-30,0.0401247670508809,0.040499061290607236,0.0002976066142738,-0.0015320208543994,0.0055945538464872,0.0156545501477362
1977-12-31,0.0025899722161414,0.016111103595306733,-0.0003509306870609,0.0092420481298445,-0.006631902669122,0.002432223886147
1978-01-31,-0.059924931343752805,0.0262096376841195,0.0309952593555005,-0.0189649816028677,0.0156251222406514,0.0049663897539876
1978-02-28,-0.0138852360891164,0.03689042359688837,0.0090208195477601,0.0025269985931689,0.0102943205128457,0.0243215917248267
1978-03-31,0.028671554419956502,0.03878826103063663,0.0118962356786079,-0.0076634064645106,0.0183943365062081,0.0140128006954989
1978-04-30,0.0789799121457507,-0.0006843793475206332,-0.037919862262115,0.0306086811272436,-0.0124509513853819,-0.0124015142618642
1978-05-31,0.017541706563441,0.048275083122749106,-0.0085953312371182,-0.0008525095255245,0.0036671776050071,0.0255678063519736
1978-06-30,-0.0169731696894715,0.0163755422059595,0.007062521440516,-0.0135111743039575,-0.0008746350619905,0.0339439223825538
1978-07-31,0.051000983053947097,0.0031769156119424665,-0.0095431653353843,0.0119740751145571,-0.0083339752235158,0.0401055060647803
1978-08-31,0.0380500189538081,0.0511631710906315,-0.0078426081312615,0.0156907397284891,0.0035200688433486,0.0287222864616645
1978-09-30,-0.0144879165162797,-0.0042858149805288,0.0186952235303607,-0.006089118617566,0.0163368158360796,-0.0284403421224919
1978-10-31,-0.1187750971185637,-0.10521920324729146,0.0123798843594855,0.0024485745928912,0.0111662957522463,-0.0876324687776843
1978-11-30,0.0271335843428051,0.031559461021417164,-0.0205432973041534,0.0127391115006766,-0.0137427978152126,0.047409898975109
1978-12-31,0.008963241606013798,0.010460472943008068,-0.0218908213087129,0.0205405769256748,-0.0130368332415046,0.043851851004673
1979-01-31,0.0420436519138261,0.03846840349467393,0.0234804103824261,-0.0306885020388043,0.0147069933450046,-0.0077055990913188
1979-02-28,-0.0358882766368879,0.004067529210925233,0.0111757507335068,-0.0093054790252428,0.008951471340775,-0.0166732986243939
1979-03-31,0.0565108495401657,0.03441758594484617,-0.0036885229976084,0.0060722500874086,0.0037726232688627,0.0358449254910979
1979-04-30,-0.0007332950228519999,0.025107895501157367,0.0108311366729824,0.0137333428241732,0.000513419031851,0.0058598652630624
1979-05-31,-0.022272341621225197,0.0006094813976405667,0.0117102743614292,-0.0141073355335689,-0.002202337259809,-0.0052822760903631
1979-06-30,0.0388847370850284,0.007969181663955266,0.0128360401511056,-0.0129198696531707,-0.0062594898855733,0.014620546066294
1979-07-31,0.008033445799048399,0.012809606408860868,0.0193209721705137,-0.0007939783874428,0.0063079538601674,-0.0134818312631098
1979-08-31,0.0550997424770497,0.018015017195439565,-0.0136876879649782,0.0185662078543046,-0.0157198681390279,0.0131232779650672
1979-09-30,-0.0086829219534763,-0.002605857859510267,-0.008828705408059,0.0067393859143772,0.0049778172099184,0.0485103850508576
1979-10-31,-0.0808364112755773,-0.03652578932156656,-0.0178495529053828,0.0151908777252347,0.0005288428618261,0.0132266862051835
1979-11-30,0.0525294525839004,0.025211794528486098,-0.0310491655260338,-0.0017862108113403,-0.0214320133276907,0.0839464998454405
1979-12-31,0.017865388921714,0.04530525159698784,-0.0199295182491263,-0.0069919922507936,-0.0094651205888494,0.0553994501178582
1980-01-31,0.0541966096541678,0.019495163160064565,0.0256204611293424,-0.0133908361867429,0.0149791686794106,0.0779723933885176
1980-02-29,-0.0131067203216622,-0.015865165619272367,0.007125623156476,0.0020909174488642,0.0250897897967362,0.0814687143334094
1980-03-31,-0.127603782313564,-0.07105021110880823,-0.0103666864680001,0.0142576628904443,-0.0098079731424536,-0.1114028226458611
1980-04-30,0.0401851369436233,0.008487206159125566,0.0102747030353028,-0.023230252687228,0.0005636058458732,-0.0044668575617881
1980-05-31,0.0524622485204938,0.021753281429726833,0.0045753081196526,0.0031441374450604,-0.0022521117567697,-0.0098937298896733
1980-06-30,0.030837427981794396,0.012261803648833702,-0.0086889022829734,-0.0004447543846512,-0.0127859385983914,0.0169380135978861
1980-07-31,0.0630093232973387,0.0401795625796293,-0.061203037476678,0.0446749124401386,-0.0193108263517205,0.007260469603248
1980-08-31,0.0182326326414055,0.04278526188184977,-0.0263705998976551,0.0224260839684615,-0.0092033856410952,0.0345699592854824
1980-09-30,0.02314940206278,0.005910385764749733,-0.0432217013368341,0.0205455649430075,-0.0280348094490057,0.0592905391910106
1980-10-31,0.0111188812970254,0.018522958222780436,-0.0260747107780348,0.0154219627945,-0.0119246473621757,0.0581131960694295
1980-11-30,0.09818189914601,-0.03679656594449773,-0.0747816642306719,0.0422208994604507,-0.0598074238890249,0.1342792555830669
1980-12-31,-0.0438127696453174,-0.0026999499758900004,0.0195443118899467,-0.0174826513870984,0.0120348616318223,-0.0668672269443678
1981-01-31,-0.0530247726075291,0.034234904413000665,0.0657005300493244,-0.0350179875101082,0.0444135559007074,-0.0894776553186833
1981-02-28,0.0063790355910954,-0.0039541872253554,0.0088580588485091,0.0025588704524326,0.0209095928927162,-0.0149442291912462
1981-03-31,0.0348578751211349,0.0304656011761565,0.0057668946292136,-0.020090136877006,-0.0047638820183307,-0.0068544442591434
1981-04-30,-0.0231600846178342,0.048439787917813636,0.0218395156454439,0.0065457602373916,0.0172376474973119,-0.0037728940982964
1981-05-31,0.0009508102949377997,0.0252694062635839,-0.0037853838431551,0.0017245968113563,-0.018085662091652,0.0335501000976289
1981-06-30,-0.020905815693883403,-0.012514911070601967,0.0519360175625258,-0.0145957726773351,0.0225590307166961,-0.0499328451546729
1981-07-31,-0.0150469622646818,-0.022477439641556032,-0.0077871022548527,0.0105619168738361,-0.0262157636817195,-0.0128386545216643
1981-08-31,-0.0699615459441973,-0.0194526856140219,0.0452815442611663,-0.0063293121824505,0.0144845531568264,-0.0270807943870485
1981-09-30,-0.0722320867402471,-0.024653090159043666,0.0506528997725912,-0.00054154642038,0.0263304643967003,-0.011341556237695
1981-10-31,0.0493462964340337,0.0246029407792735,-0.0437298155246449,0.0326160059749652,-0.030964223796249,0.0420823650311871
1981-11-30,0.033743673737003,-0.017576581727137098,0.0154018729219059,-0.0006508780921748,0.0090514282825993,-0.0194101349435141
1981-12-31,-0.0366542055265948,0.012824744066772665,0.0084839105680489,0.002109136806093,0.0243257244583441,0.0296619513495697
1982-01-31,-0.0321980821064698,-0.009833083117609068,0.0312433116341355,-0.0150928303903835,0.0199387952000307,0.013726038520943
1982-02-28,-0.0583210416668018,0.003651176340356,0.0600539782591061,-0.0405631355100707,0.0460357916244194,0.0347095857849725
1982-03-31,-0.0176262096169932,-0.0003664372011889002,0.0402394106399941,-0.0069026650836815,0.0244906443653549,0.0167063426013335
1982-04-30,0.032895458243520005,0.010999071534462834,-0.0273443597726275,0.0129856492790702,0.0003930735237162,0.0004798586323121
1982-05-31,-0.0389661336589911,0.003541901621512933,0.0143824370121932,0.0042320136043529,-0.0006169691558344,0.0226652658168146
1982-06-30,-0.0301436674396134,-0.003937370229064466,0.0142368897563495,-0.0036278975531072,0.0252602026361849,0.055067193915466
1982-07-31,-0.0319110350190802,0.009934892913759066,0.0038973114720245,0.0098762033520482,0.0147432757387725,0.0357963477660182
1982-08-31,0.1114829030306492,-0.044952527898848536,0.0116169251114327,-0.0147662199036533,0.000616055412109,-0.0378964407316394
1982-09-30,0.013365073996437798,0.024329026296725665,0.0037017970274673,0.0233018302643396,0.0016219612346751,0.0421995832200881
1982-10-31,0.1116195129870779,0.017827471361068565,-0.0305159479564998,-0.0005678429127796,-0.0048205161650942,0.0092351480110945
1982-11-30,0.0467253832597218,0.044476177063651624,-0.0147738123851826,-0.0087527935281996,0.0029587424815493,0.0464634532478144
1982-12-31,0.0058463831252726995,-0.0002842496932834333,-0.0021862700309229,0.0049108677271653,0.0113463579761013,-0.0071647420094432
1983-01-31,0.035045211476341306,0.034830842163932126,-0.0074803614301873,-0.02069390112988,-0.0044296629721766,-0.0097917105830168
1983-02-28,0.0261364290994579,0.0277862941615922,0.0083867279220181,-0.0006674254911049,0.0108710016873335,0.0358371409814329
1983-03-31,0.0285654076428829,0.015115197897643031,0.020735341960663,-0.000616991350019,0.0241845516123547,0.0042276299605149
1983-04-30,0.0660131368505624,0.0005694700031411332,0.0104005806343695,-0.0054799921933117,0.013427838654143,0.0164810474761491
1983-05-31,0.004231496361988,0.06572893215390734,-0.0144577214420645,-0.0214609605690493,-0.0143262697258054,-0.0028203294098318
1983-06-30,0.0307959622040799,0.010889460165099766,-0.037798745939554,0.0292481140881152,-0.0074113181393968,0.0244624356398143
1983-07-31,-0.041236801103685106,0.009662462029026132,0.0559432906337423,-0.0045843985867446,0.0272281536022768,-0.0295320115444879
1983-08-31,-0.0045263354853132005,-0.0450619583475003,0.0533421265789844,0.0027429635403408,0.0182099058733951,-0.0516371750665067
1983-09-30,0.0091913746491375,0.0028463217186584667,0.007165260886065,0.0133860635937904,0.0055497368788233,0.0023743207634539
1983-10-31,-0.0335436938038059,-0.03856641241954844,0.0450446163582846,-0.0068118566687058,0.028796548519847,-0.0558455938419352
1983-11-30,0.022034167177396,0.0195894622720304,-0.0085009923804078,-0.0075496606581155,0.0069359133721394,0.0091627702788533
1983-12-31,-0.0173208492466564,-0.0052016714704211,0.0159596672729307,0.0134832518974419,0.0133956595626843,0.0068639158306159
1984-01-31,-0.0199262268473005,0.00042847851952413333,0.0749210417506248,-0.0148298623854242,0.0296098853413666,-0.0295396001447535
1984-02-29,-0.0465101033808284,-0.016381669665315,0.0326109636431715,0.0071289044482364,0.0140845925389627,-0.0091342768374961
1984-03-31,0.0051841182697022,-0.0027551988397722664,0.0048284350814407,-0.0098226217954388,0.0118145725661148,0.0142772515531594
1984-04-30,-0.0038408133746102016,-0.009012222155391268,0.0105486361857337,0.0313730214644695,0.0075012953308345,0.009394150508503
1984-05-31,-0.059052597645493504,0.00021277226806909995,0.0012160414312107,0.0221481348971334,-0.0047424507558464,0.0021487159560395
1984-06-30,0.0206707977914883,0.002722321148668,-0.0246565421813837,0.0357934173302392,-0.0158385728876435,-0.0090875348295375
1984-07-31,-0.027207139992966,-0.0236817846650695,0.0026992434840737,0.0299540907270971,-0.0217132242519468,0.0248930473795764
1984-08-31,0.1032421564516732,-0.0023516097470700666,-0.0180453523082175,-9.32256809058618e-05,-0.0103304439749279,-0.0537960754423798
1984-09-30,-0.0081004535053555,-0.0014304152178138331,0.0511099137279627,0.0103738320488049,0.0239674926219516,0.034875184901097
1984-10-31,-0.0083239255882268,-0.015581281475157667,0.0049107479696353,0.0099692945268526,-0.0118268675269037,0.024958198416967
1984-11-30,-0.0173450719631779,-0.011923046334111134,0.0401676953755787,0.0001449238422519,0.0216905056559613,0.01634209589316
1984-12-31,0.018643622814439702,-0.005795885470070834,-0.0021356749734603,0.0117254072962612,-0.0149746507087177,0.0155308353917049
1985-01-31,0.0789241177354043,0.0357940623421358,-0.048994164978281,-0.001728882455062,-0.0345104470732886,-0.0624630213238642
1985-02-28,0.0119933276027403,0.008720030820840934,0.0003226682364192,0.0174825797193232,0.0101280131416052,0.0207198854800732
1985-03-31,-0.0078388572314373,-0.01643492654556797,0.0380935624703733,0.0081816586182748,0.0285506789823489,0.0050454291258336
1985-04-30,-0.0096723946662148,-0.0036774550383758334,0.0392713702611187,0.0097439740794657,0.0062514437891315,0.0200567712871649
1985-05-31,0.0510102228626906,-0.023903323162916466,-0.0097260773535334,0.0121766247815226,-0.0134972974824914,0.0398810002835078
1985-06-30,0.012712402851057198,-0.0007064735003547666,0.0031052815474973,0.0171160654423578,-0.0104042879735261,0.0285751391114046
1985-07-31,-0.0060533900407241,0.027300944069054766,-0.0159745027335761,-0.0032838081908889,-0.0003964273107327,-0.0300567530159206
1985-08-31,-0.0099613920819023,-0.003370008882835667,0.0194734391053251,-0.0042251627324598,0.0185152336277162,0.0144547162999573
1985-09-30,-0.045221192824457995,-0.019652915606163435,0.0125747919605174,0.0121173817368292,0.0165666207229259,0.0118158595471982
1985-10-31,0.0402941999676212,-0.016882604583710232,0.0027958710109339,0.0063306237486716,-0.0097576942290274,0.0431780230614859
1985-11-30,0.0648120931321383,8.620693400613327e-05,-0.0290055113953607,0.0055172615266648,-0.023940431817586,-0.0040486073263489
1985-12-31,0.039112966250554104,-0.0035207720135275998,-0.020125801330933,0.0110947002665097,-0.0215550761191438,0.0014855528199619
1986-01-31,0.005982669016766499,0.008999931778433501,0.0037830379655213,-0.0187253992596335,-0.0205216676778714,0.0303132789529842
1986-02-28,0.0716108493334431,-0.010814239623783833,-0.0086742059390247,0.0050964790670429,-0.013957253882494,0.0338050536121023
1986-03-31,0.049354466647946904,-0.0042507883978267335,-0.0052765531409346,0.0177832971158976,0.0101911882888677,0.0320925835458422
1986-04-30,-0.012853384653889799,0.027902034519101965,-0.0295698293416425,0.0233289953421129,-0.0007541553187053,-0.001142541555376
1986-05-31,0.0467917794259096,-0.014462104968287967,-0.006731098025507,0.0189750859377538,0.0122910647101994,0.0206698447044271
1986-06-30,0.011084031092266501,-0.009579997760611766,0.0043747617609945,0.0159587035582158,0.0100614079833858,0.0469622321150604
1986-07-31,-0.0645432806978823,-0.036605770898043836,0.0441651556296983,-0.0052377796809447,0.0087611883506624,0.0102419375845959
1986-08-31,0.060328827406143294,-0.04222983493626547,0.0352422381858303,-0.015047436761567,0.0322082153555846,-0.0532060331309043
1986-09-30,-0.086740934916885,0.021803548321041033,0.0327325944243321,-0.0032668933283319,0.037952273985554,-0.0638047362176825
1986-10-31,0.047200743048544,-0.021778016577773868,-0.0148372391986879,0.0096963836592324,0.0088658716129224,0.0404802567618409
1986-11-30,0.0115433236323347,-0.01861008829564763,-0.0006370771951116,0.0115627946217473,0.0073140212572316,0.0005550692784684
1986-12-31,-0.0326103157687588,0.0026828693232468334,0.0022645666988246,0.0079703907596631,0.000402414145738,-0.0007864513047349
1987-01-31,0.12528057206189208,-0.016543591365148564,-0.0297123725682389,0.0014916243003399,-0.0110125008188217,0.0080340023056115
1987-02-28,0.0436472852510281,0.032985599391718634,-0.0576975925510948,-0.0069215421657357,-0.0261095262469936,-0.0247352569232292
1987-03-31,0.0156982341563266,9.715761080033326e-05,0.0170893381442249,0.0094393966506187,0.0421140255493616,0.0135895060052537
1987-04-30,-0.020820937460540503,-0.016034836319659632,0.0004916234481077,-0.0067580950589283,0.008938148040911,0.0042927596818982
1987-05-31,0.0010197638056576,-0.003052915608252467,0.0002981266000001,0.0060744594196737,0.0109141129917445,-0.0060287006375103
1987-06-30,0.0402190750133568,-0.019306649664795467,0.013041442195209,0.0156609367415531,0.0101784036757707,-0.0060038144075036
1987-07-31,0.0382487715872452,-0.010783440143026866,0.00547243719919,-0.0037253780801064,0.0169307996926101,0.0270382468230995
1987-08-31,0.0353504354055838,-0.010016349957039733,-0.0079501823528057,0.0174935118587203,-0.0157210266750701,-0.0191025900837153
1987-09-30,-0.0259800307888534,0.003536664151337,0.0018215144969298,-0.0088027531917136,0.0180603286695693,0.0114113499467596
1987-10-31,-0.23205734145956722,-0.08360182121394354,0.0443744818126435,0.0172160159840025,0.0223258346455371,-0.0906725710589209
1987-11-30,-0.0782835114173879,0.030260964578277,0.0296073699257688,-0.0203258522570038,0.006874243684987,-0.0128098412738341
1987-12-31,0.0684624831933881,0.0010719680486438999,-0.0426811494305263,0.031841289382042,-0.024080963942848,0.059350924162277
1988-01-31,0.0425885772037735,-0.0038027534041936008,0.0502614980720399,-0.0123244289525456,0.0215624013785553,-0.0891439685713997
1988-02-29,0.0476309970348761,0.03529090008516947,-0.0188056164753534,0.0179541849682085,-0.0010618186173387,-0.0054843998485119
1988-03-31,-0.0236556349776664,0.06464581103086746,0.0087142275161323,-0.0030520042726168,0.0184073416643925,0.0192819651163971
1988-04-30,0.0056632395029113,0.0158148086855945,0.0102957269951422,-0.0008974079005917,0.0199287675378239,0.0158824490474066
1988-05-31,-0.0022616697984939003,-0.025348139529846634,0.024619556231416,-0.0067227410250585,0.0019405152881494,-0.0077253690152538
1988-06-30,0.0472733926566209,0.021965132385649636,-0.0113243366987284,0.0120249281773961,-0.0342418806189581,-0.020503148802235
1988-07-31,-0.0122463747602078,-0.0016687383853620002,0.0223548191973602,-0.0093564476693098,0.0160542721158077,0.0064820762964508
1988-08-31,-0.0331837660986782,4.664534469613343e-05,0.0223922127607197,-0.0091851599907773,0.0174198913122196,0.0043334447071017
1988-09-30,0.0329651771956996,-0.015328016656918034,-0.0072519936182421,0.0199998753245502,-0.0056031130925054,0.0011515651610148
1988-10-31,0.0122064687839209,-0.031704238404772565,0.0213929838116605,0.0156498001565906,0.0089918827161097,0.0046272749957788
1988-11-30,-0.0227601480451922,-0.01804793330297987,0.016058138921521,-0.0046579447001065,0.0161125776379434,0.0009370642263564
1988-12-31,0.014822960936130999,0.02031502120946443,-0.0156876384005779,0.0087543018132749,-0.0033439267734209,0.0141572396269541
1989-01-31,0.061028356658381196,-0.0207193959626595,0.0065106589590304,-0.0089625857540388,0.0033400238809856,0.0042896003809419
1989-02-28,-0.022423004678900703,0.027549415708924902,0.0122537116058476,-0.0105513337165702,0.0212863928924566,0.0069571860877729
1989-03-31,0.01559327578032,0.008410279752707134,0.0046121689856772,0.0066262729307063,0.0081474372852541,0.0277987813807945
1989-04-30,0.043640403754711406,-0.008948801589503801,-0.0142790366929995,0.0042156048987457,-0.0037242708881329,0.0143738116807069
1989-05-31,0.032363279345827,0.0006765147883898582,-0.0070562991852862,0.0052974749218999,0.0016417059860033,0.0091002771545322
1989-06-30,-0.0135158875763658,-0.011141004754033235,0.0217631677402587,-0.0004611148361559,0.0147904839640757,-0.0011705123130525
1989-07-31,0.0717797482687017,-0.0412483735891665,-0.0270739671095476,0.0176276139417878,-0.0066071092948522,0.0495241264061038
1989-08-31,0.014762918173577801,0.004117501365112533,0.0066732243632584,0.0042869922589822,-0.0060477126420163,-0.0032692560507131
1989-09-30,-0.0079944517409247,0.0052887633106467,-0.0139408495486245,0.0126084098943909,0.0065894205449097,0.0306487097875333
1989-10-31,-0.0368852540530797,-0.03405348689134723,-0.008670439944219,0.0068987487724073,0.0006171859020884,0.0075162945363894
1989-11-30,0.0102743018105864,-0.0141972012317037,-0.0091458050279736,-0.0105008585121339,0.0130602915068548,0.0259281861191707
1989-12-31,0.0120392875381041,-0.021830990895624697,0.0038819259635822,0.0021898783718247,0.0136476131492432,0.0256197756083657
1990-01-31,-0.07818164095415969,-0.013945511704001066,0.0094696418830965,-0.0127561044073604,0.0152189567988057,-0.0305358773357969
1990-02-28,0.011019675106227401,0.012086665917715332,0.0074425246734874,-0.0018850395047955,-0.0073251725788671,-0.0025901263011416
1990-03-31,0.018281206481505302,0.015717943426239302,-0.0275622573463764,0.0252965905635627,-0.0094981867268942,0.0141446314655913
1990-04-30,-0.0342854777862941,-0.0028661690608887,-0.0247332760434314,0.0198558581380388,-0.008168131765168,0.0199632627417856
1990-05-31,0.0841131446544506,-0.0223706981039513,-0.0362581878897303,0.0206193159808655,-0.0140553385439653,0.0325361092917422
1990-06-30,-0.011591824186335,0.012042986004962,-0.0210037075807645,-0.0052137443316706,-0.005525586830709,0.0254209620751593
1990-07-31,-0.019338524359435103,-0.031095941331266364,0.0019587746711399,0.0070113481038176,0.0332014208960567,0.0533386494402861
1990-08-31,-0.10172359970733409,-0.039055867232549495,0.0174892174964148,-0.0031816747366931,0.0324111617196161,0.0144244234318759
1990-09-30,-0.0615716113671661,-0.03678322779366253,0.008133323364966,0.0138612523535841,0.036872144534688,0.050666677790804
1990-10-31,-0.0191108314177501,-0.0521470422085705,0.0040504505473803,0.0312765218134496,5.075051676580594e-05,0.0634165568489154
1990-11-30,0.063760223300069,-0.0008266631409956667,-0.0256781844080627,-0.0023393430058777,-0.0487485070471811,-0.0564705927220192
1990-12-31,0.0248907485146366,0.007194795933648134,-0.0149677730475624,0.0208460105439148,-0.020577581330848,0.0006442150746066
1991-01-31,0.047288277464533596,0.037674843182543195,-0.0132689266297676,0.0044850044893315,-0.0402111817623417,-0.0552189410487792
1991-02-28,0.0720170793036902,0.040764205079558004,-0.0115300003897598,-0.0058420086785662,-0.0046070532534927,-0.0439319199140272
1991-03-31,0.0267431938367163,0.037758950193281765,-0.0129301116269179,-0.0058336394746223,-0.0104370619604328,0.0215399052896055
1991-04-30,-0.0025019341943938,0.003363557501784334,0.0140415635996536,0.0077961937989824,0.0079233571373691,-0.0156799218307577
1991-05-31,0.0373021959321992,0.0012866621073205997,-0.0025013358134966,0.0166030803275445,-0.0253070365211026,0.0092906769370973
1991-06-30,-0.0492289722392932,0.0014663813882368002,0.0136293613907956,0.01503123053076,0.0058016696663134,-0.0051057568637594
1991-07-31,0.0423747439055939,-0.010356923263754666,-0.0117756062937137,0.0116859603313081,-0.0134090850234469,0.0458457841265505
1991-08-31,0.023139162203613,0.014732393967068597,-0.0062031545148712,0.0059758980027552,-0.0049024047605727,0.0290399225556839
1991-09-30,-0.0158762439512442,0.016976275704614466,-0.0095248269150523,-0.0165578495388157,0.0012259458064061,0.0122442602707107
1991-10-31,0.012710547447969602,0.005779938333375934,0.0026342180351484,-0.0190696215165429,-0.0010531235469467,0.0237300245269037
1991-11-30,-0.0417898830637291,-0.0101812017522744,-0.0159228108059836,0.0070537192755233,3.967938222610573e-05,0.0010352308699224
1991-12-31,0.1085229872855154,-0.024762538326256665,-0.0375999860995347,0.0359226195555876,-0.0311278310515669,0.0815268577518679
1992-01-31,-0.006504024622428601,0.09235463804382538,0.0400217722994533,-0.0092932048170022,0.0315425392097797,-0.0036147074454233
1992-02-29,0.010959961218078799,0.012155345244916868,0.0574764733410157,0.0019975065974322,0.0215475017034978,-0.0003513351819466
1992-03-31,-0.0259714246809664,-0.011346309105531867,0.0374719178767907,-0.0021562533590845,0.0185438815547096,-0.0058229219256835
1992-04-30,0.012836439852962902,-0.0595702614431566,0.0407536000280178,0.0154771367241877,0.0222230532911273,-0.039567503232062
1992-05-31,0.0034117177536764996,-0.0011838065249726,0.0154654395284592,-0.0092867488010356,0.0033070830546925,0.0020016342374868
1992-06-30,-0.022654762356074103,-0.029405659679110532,0.0290750723081969,-0.0041867825742454,0.0097196621941901,-0.0084640725606529
1992-07-31,0.037499140812167,-0.005584525910397033,-0.0057137754928651,0.0193440179837708,-0.0094896355025668,0.0116007546893052
1992-08-31,-0.0240376641055621,-0.0036084339512984336,-0.0087636704635542,0.0388709891930632,-0.0159491968345416,-0.0100153192705355
1992-09-30,0.0117199936401864,0.004694809532269134,-0.00042497238923,0.0113513803593894,-0.004230749751507,0.0192895023734933
1992-10-31,0.0103996217206882,0.022415831582609333,-0.0203399733511837,0.013649526343955,-0.0100560854416644,0.02419149894204
1992-11-30,0.041345475292995995,0.03864145263878314,-0.0171977504917812,-0.0063591304284209,-0.016999755115218,0.0063511329951322
1992-12-31,0.015285079850827499,0.016749519650644466,0.0273040411116593,-0.0053303014012881,0.0088460337435314,0.0381254135642828
1993-01-31,0.0088832598256819,0.018892978857136464,0.0599462953966202,-0.026808802504056,0.0318165001745681,0.0489884845561931
1993-02-28,0.0017514801952005997,-0.0330470987847989,0.0660592162677783,-0.0097004748441047,0.0441370480874,0.0187452429027994
1993-03-31,0.0227320580591332,0.0025197780619362333,0.0129451481869677,-0.0071139568287568,0.0093462807873842,0.0346936889958633
1993-04-30,-0.0303714358036954,-0.007785372937613634,0.0281691355922371,-0.0374748486097395,0.0134047051762667,-0.0015002096716599
1993-05-31,0.0285391692222461,0.024930463553103865,-0.032373236279433,0.004879238934004,-0.0089204081867202,0.0072260916121814
1993-06-30,0.0022463433734155997,0.0026813415156280666,0.0261051332284401,-0.0142658642134164,0.0114521157268829,0.0474763814008794
1993-07-31,-0.0029846947045444,0.008973027890793335,0.0283294328416837,-0.0244267928468136,0.0217041226047083,0.0312767245009588
1993-08-31,0.0368130919835132,-0.00043743070565860007,0.0022355207303914,-0.0151201801037957,0.0008521370725557,0.0220174116439386
1993-09-30,-0.0015275440307329,0.031235786052195263,-0.0016030812974307,-0.0025718451327615,-0.0001075317279666,0.0365830172279025
1993-10-31,0.013881846761148599,0.018242350947876396,-0.0337340965249681,0.0067805768825916,0.0058678999888027,-0.0124871263431977
1993-11-30,-0.018104892059301,-0.014696599034832331,-0.0077653775707555,0.0294714738751825,-0.0113342161079671,-0.0459166912554432
1993-12-31,0.0161518630814877,0.013301337680240333,0.0041701775082477,0.0122236467319872,-0.0040377205512213,0.0284960724903494
1994-01-31,0.0283341134016836,0.001957903195759767,0.012404964787054,-0.0182104076148949,0.0137604900508083,0.0050096698370173
1994-02-28,-0.025806630386363,0.0264926656744232,-0.016599679807799,0.0235631430609162,-0.0098960790317741,-0.0023706547251855
1994-03-31,-0.0473165439152961,-0.009752530062857935,0.0172410141214165,0.0017496695690399,0.0135134822546487,-0.016805280604967
1994-04-30,0.007145377380014199,-0.008814054248125732,0.0155611370644647,0.0113332077418735,0.0119265448221049,-0.002357025014168
1994-05-31,0.0065499409555979,-0.024614894667883566,0.0053680184715939,-0.0005431796518256,0.0065125822462485,-0.0168703929306501
1994-06-30,-0.029864665213017998,-0.005441875618331634,0.014586318836153,0.0053135044165529,0.0159546700770907,-0.0164389962325347
1994-07-31,0.027893903076585,-0.017776147922262835,0.0079908423475817,-0.0076378366125442,0.0018675582548339,0.0040884032800772
1994-08-31,0.0402249534290402,0.016065723624887968,-0.0310716860220505,0.0142597253544723,-0.0150649986851931,0.018790493097981
1994-09-30,-0.0238309684007963,0.025101984090073266,-0.0147322529409443,0.0089368199888974,0.0097823346705575,0.0146879326798948
1994-10-31,0.0135462542015887,-0.019640982010558534,-0.0169065837767336,0.0111058537812846,-0.0099298911409272,0.0079587694924013
1994-11-30,-0.0398960971165112,-0.0011942731467744331,0.0034423956853817,0.0075118977402542,-0.0028156749324299,-0.0095749865349138
1994-12-31,0.009247494340824301,-0.0009611787155537104,-0.0042615788527273,0.0089449288065025,0.0032262578085543,0.0281611009642547
1995-01-31,0.0182286159689224,-0.0317957971721184,0.0262789199319705,-0.0022865640909893,-0.0070162571108361,-0.0162868591032921
1995-02-28,0.0366362006937023,-0.0026545271449203663,0.0033412668895582,0.0086684815978126,-0.0025575852822907,0.0010096322262671
1995-03-31,0.0217107602532395,-0.0037430869778150664,-0.0249658068972886,0.0115483533760476,0.0010458596930066,0.003828789072617
1995-04-30,0.0212779750052003,-0.0015738071448200667,0.013462643014094,0.0019420709061297,0.0096029649734049,0.0110046986127544
1995-05-31,0.030220909909422097,-0.021452771387020935,0.0205456078108518,-0.0031790767903046,0.0024859516462043,-0.0068797667654798
1995-06-30,0.026333011024775102,0.0282231289426014,-0.0315878596358032,-0.0017359048601124,-0.0243287611304815,0.0354336604509865
1995-07-31,0.0371379701448251,0.021323597550992866,-0.0244856921374409,0.0102816046691461,-0.0185849703019083,0.031625227247185
1995-08-31,0.005353562525341901,0.017522644616415266,0.0225999660154356,-0.0189505112571794,0.014570680510341,0.0018131362527353
1995-09-30,0.0338009184949358,-0.018678410541664265,-0.0026630892650705,0.0048263039573509,0.0043636543540464,0.01140607031009
1995-10-31,-0.0157193845964678,-0.04445324057999864,0.0020689505182137,0.0131490953410535,0.0004972596428352,0.0288463674931919
1995-11-30,0.039828480573603796,-0.010341324411245667,0.0018987786880081,-0.0016985888559379,0.0110905274962568,-0.0097151711968797
1995-12-31,0.010660251375949401,0.0056033037670752996,0.0079153015537794,-0.0183249711914497,0.0301514389088816,0.0124707546691555
1996-01-31,0.022712386878963098,-0.0250010320592864,0.0033802880120522,0.0036122559340422,0.0232804249824522,-0.0065146083933219
1996-02-29,0.013318815082793298,0.020720410114484864,-0.0180688964922854,0.0092360856720615,-0.0193679752620654,0.0143816679067374
1996-03-31,0.0082841540014604,0.016150072961364833,0.0136929888212926,0.0167676731496558,-0.0082789617344332,-0.0204297769196053
1996-04-30,0.0187057545914562,0.04834790149698994,-0.0358563270409917,0.0028610793018098,-0.0211913405672414,-0.0041995704359356
1996-05-31,0.0228817292813598,0.0332102661923894,-0.0111171911902585,0.0022675344639374,-0.0033603375272642,0.0204405189172424
1996-06-30,-0.009464963196978801,-0.0396831631395237,0.0235674481747738,0.0179737822675181,0.0121971879030477,-0.0162757516610683
1996-07-31,-0.0598326324859111,-0.039102726415016,0.0471257998107495,0.0240650691103482,0.0260227938095217,-0.0224427911577188
1996-08-31,0.027787438138448597,0.024782976924341532,-0.0055392644237236,-0.0094010961432287,-0.0246788412524769,0.0041319561404648
1996-09-30,0.049794669694957897,-0.0133544750313102,-0.03647311674044,0.0154051553207767,-0.0234588492224328,0.0282190504792137
1996-10-31,0.008968680207079801,-0.037820374680784134,0.046438021641883,0.0144339382429987,0.0294412912057683,0.0259615611208151
1996-11-30,0.063063798529128,-0.036335689624744504,0.0036747048332653,0.0229514910936413,-0.0089785074863402,-0.0210406746183196
1996-12-31,-0.015824410491563898,0.0296871375042303,0.0130594656902702,-0.000118398893725,0.0153747788774128,0.0006337615304715
1997-01-31,0.0503441841735076,-0.015194057526232332,-0.0262593722839717,0.0247068811579135,0.002856927887668,0.0221375326110055
1997-02-28,-0.0035715828188844,-0.025944206348744003,0.0499072123857066,0.002925034192746,0.0349352453710027,-0.0324875098137783
1997-03-31,-0.0498838782669405,-0.005779623829340334,0.0413228806935845,0.0052073373232097,0.0144874530774721,0.0005769026669725
1997-04-30,0.0422818451035651,-0.056558796399873434,-0.0138227857033578,0.0355349034732845,-0.0097833611894588,0.0420909915083295
1997-05-31,0.0655861889207356,0.04799440826591034,-0.0398727242574977,-0.0025994575958105,-0.0288984496917274,-0.0404465884037672
1997-06-30,0.040634106659927595,0.011020734730945501,0.0099838492378406,0.0065178549002656,0.0062698660125513,0.0204041908003539
1997-07-31,0.07302140607738081,-0.024365154796596233,-0.0034522133779174,0.0058207523476074,-0.0250916015728964,0.0414284696793346
1997-08-31,-0.0412248630310703,0.076023571188234,0.0099837059223627,-0.0170001217945344,-0.0013294608959805,-0.0247418605106076
1997-09-30,0.0535657827218762,0.02587953579130677,-2.8087546356747595e-05,-0.0136797293102927,-0.0076823290648709,0.015996431614521
1997-10-31,-0.037812470402009406,-0.008263056347300866,0.0209886041874797,0.0022352008061506,0.0202456992338539,-0.0125441924221548
1997-11-30,0.030553066628017198,-0.0531824298517905,0.0134954944291241,0.0266409754570104,0.0197991979561855,-0.002760251599906
1997-12-31,0.013736970137353501,-0.022267117912193,0.0415242822867543,0.001667139789017,0.0209411728668699,0.0196624836614037
1998-01-31,0.0018829366910311004,-0.014521630656702167,-0.0177614529176074,0.0113240595724465,-0.0066934557042039,-0.0015175548056036
1998-02-28,0.07035231000768839,0.004064346463149767,-0.0132118326808898,0.004653913690284,-0.0224197389800926,0.0011951114572312
1998-03-31,0.0468186863986551,-0.0074491530237911,0.0197403805015286,-0.0170602508582437,-0.0021264278865136,0.0135476795848651
1998-04-30,0.0081622000553796,0.0021485364193922665,0.0029545763907958,-0.0088319121114824,-0.003281700504553,0.0113843059296842
1998-05-31,-0.0284753722993952,-0.0319612695452303,0.0339177341442468,0.0070301345265602,0.0259618671784213,0.0036401494847948
1998-06-30,0.0322069757632313,-0.0367212369752196,-0.0195230830047134,-0.0028673510756271,-0.0259942731298489,0.0559972253448368
1998-07-31,-0.0248806532897598,-0.05441884580758816,-0.0162790366071589,0.0146172884206272,0.0077798464434352,0.0365812300998082
1998-08-31,-0.1610321165037936,-0.05845903853660974,0.0523511577175456,0.0208752852591745,0.0573588497338228,0.0042021198476366
1998-09-30,0.060782274826256096,-0.0091313780504473,-0.0356880259473562,-0.0236738322674171,-0.0251788026382842,-0.0239415220353302
1998-10-31,0.07158161207755881,-0.0337525266707667,-0.0299752701508796,0.0192766151425788,0.001020727925806,-0.0443726634779617
1998-11-30,0.0603827572762581,0.007574032962718567,-0.0328881242988128,-0.0065765701100866,-0.0072369913717154,0.0155428519031275
1998-12-31,0.061494577176370205,-0.013358257122608333,-0.0509391556031071,-0.01549815589427,-0.0341272640648863,0.0916681977074495
1999-01-31,0.0333364636353138,-0.0068494097924777,-0.0560566137776689,-0.0178277532547824,-0.0619712699471382,0.0215478742700783
1999-02-28,-0.0415235096427322,-0.0492591196414632,0.015708902863606,-0.0151296228779045,0.0413135932748889,-0.0217800557644166
1999-03-31,0.0327973354858348,-0.04377715860815843,-0.0304862260440597,-0.0249798401571973,-0.0090259468306126,-0.0283749522014101
1999-04-30,0.0423230653246324,0.04877323015613397,0.0341734801435982,-0.0138783063263589,0.0156100186521747,-0.1024743025315669
1999-05-31,-0.0221383126314602,0.03997054199959327,0.0272483680533149,0.0074274824933813,0.0284537696932613,-0.0474766508702979
1999-06-30,0.0474502000829269,0.02357853671432617,-0.0387352740717229,0.0191694561243372,-0.0261696627364277,0.048273283710246
1999-07-31,-0.0350496809202893,0.0220383345598243,0.0059550131137977,0.0044352295326793,0.030817980693858,0.0028129403414288
1999-08-31,-0.014607596959067801,-0.016350723342900567,-0.0152598801484535,0.0066203536466674,0.0039623822291307,0.0217279395186372
1999-09-30,-0.0292495959279828,0.026175451406857467,-0.0404671063311,-0.0026862983185634,-0.0041722065225162,0.0507758597926552
1999-10-31,0.0616029990393564,-0.07633685335746464,-0.0207039856362933,-0.0171169731377324,-0.0064968621265972,0.0457286663531647
1999-11-30,0.031252715731038,0.06660244439795247,-0.0926840889027309,-0.0122826595564999,-0.0159431274588482,0.0632850607913399
1999-12-31,0.0690922457692485,0.05955698887186547,-0.097797449261962,-0.0396898277109585,-0.0537598337473914,0.1145394467331446
2000-01-31,-0.0459153701251376,0.04200751452208967,-0.0046080517855682,-0.0641447358563561,0.0438380860200476,0.020546747114897
2000-02-29,0.0167404783080281,0.2040405116428923,-0.131744817098255,-0.1451221171840231,-0.0129902172786603,0.1358602015470367
2000-03-31,0.0676368025474726,-0.16319088163191095,0.0944435074180135,0.0774477676839724,-0.0121246086904438,-0.0862552913662244
2000-04-30,-0.0506764924313166,-0.060268111224121144,0.0910612264929501,0.0659248571686802,0.0534872863774777,-0.0991126049628427
2000-05-31,-0.038345374499191696,-0.0407160846335825,0.0516330802506607,0.0245581466618153,0.0114393337335167,-0.0979799371911366
2000-06-30,0.038407337421307294,0.10605315007489317,-0.0943819635605071,-0.0608635500083672,-0.0338873386435637,0.1305960476645926
2000-07-31,-0.02564602041209,-0.012435493126341133,0.0887148319077209,0.0413304192109468,0.0280794089447831,-0.042207342298973
2000-08-31,0.0716463970709299,-0.008035359134811433,-0.0152846794254033,-0.0311733273742876,0.0041467193590714,0.042190275403592
2000-09-30,-0.055147920085837,0.001611672564372867,0.0811380935606451,0.0203493414196155,0.0574897722991432,-0.031256146724847
2000-10-31,-0.027847877350598602,-0.02753845919292493,0.0543584911143694,0.0736375488241341,0.0355782617027579,-0.0691145752285282
2000-11-30,-0.10523548239787889,-0.009566626154960399,0.1425376470587462,0.1000840730042612,0.0751550363852429,-0.0749664998508406
2000-12-31,0.0116724966552023,0.03416473784222243,0.072175453037122,0.0006182305831866,0.0484248957992281,0.0219584989061283
2001-01-31,0.0312024559809378,0.05789539170865726,-0.0700973811423885,-0.0417618376846433,-0.0502382030448437,-0.2054830324682416
2001-02-28,-0.0975297582558359,0.025001910494391433,0.1419140934941016,0.0584715434875389,0.0868168162627033,0.0752067427629576
2001-03-31,-0.0709528429297122,0.022707420926261133,0.0677797658985624,0.0244909368079626,0.0366908487137087,0.0685248640854268
2001-04-30,0.0751457811130236,-0.006889364839702134,-0.048654901962004,-0.0132287407787106,-0.0314230446262666,-0.0504422913671262
2001-05-31,0.0072642700343868005,0.04091153504300227,0.0250858344192956,-0.0019974835490271,0.0212608279818282,0.0425809732991726
2001-06-30,-0.017546984105242802,0.06809160898063626,-0.0244422192481956,0.0223600750271,-0.0183606177429313,0.0145903180443727
2001-07-31,-0.0195828405627176,-0.031030316040909167,0.0583626513602805,0.0682521713637724,0.0284102447082911,0.03075517647211
2001-08-31,-0.0645911400272723,0.02386327310990613,0.0369881468812038,0.0232695812716174,0.064220816648065,0.0375878514522918
2001-09-30,-0.0918257629039211,-0.06485966119286436,0.026945008407894,0.0300722463407056,0.0291850554463836,0.0788523158833064
2001-10-31,0.023021618944250498,0.05870740429489227,-0.0791130494738598,0.0048118322391584,-0.0418653180521078,-0.0390395013213314
2001-11-30,0.0764921064578589,0.0032228390384408997,0.0050570101345397,-0.0110190759268768,-0.0164287355859871,-0.0455854807815932
2001-12-31,0.015721470189371197,0.05080549504549827,0.0089557946142708,-0.0046021954485063,-0.0032012237522757,0.0076421659929701
2002-01-31,-0.013480866253207201,0.012901085053923032,0.0349646910716178,0.0512646622698758,0.0291266255117784,0.039734095295189
2002-02-28,-0.022973072678271398,-0.007157997860512667,0.0278076664138212,0.0580002951957725,0.0515894129529711,0.028551065634709
2002-03-31,0.042181704662195896,0.04536699885831883,0.006246271818702,-0.0077096601205865,0.0065148751869551,0.0083397847233319
2002-04-30,-0.052934551317426,0.0673090341913315,0.0334392014373228,0.0367441107435066,0.0544142884426841,0.0485096093083965
2002-05-31,-0.0143212522791596,-0.031231693797785693,0.0188780283492273,0.0207812440207589,0.0247945572646444,0.0136640569637868
2002-06-30,-0.07218258056471659,0.0317428388221155,0.020786959895296,0.0336506229230659,0.0262984073391281,0.0483756771431319
2002-07-31,-0.0816282983911177,-0.065560848736559,-0.0349606124390209,0.0203816544672501,-0.0087739561601137,0.0277040232185986
2002-08-31,0.0051128363165383,-0.013924052395032999,0.0269696170990039,0.0086145996672434,-0.0147399988771088,0.0234235332869002
2002-09-30,-0.1039595385073571,0.02793534527694813,0.0140962131222935,0.0225878207576592,-0.0234386418225325,0.0921652583364068
2002-10-31,0.0792717893915153,-0.04243020991277243,-0.0568389545136605,-0.0289084216818876,0.0080234905803446,-0.0449269433034176
2002-11-30,0.0593554671852247,0.03424671119140757,-0.0237571161969202,-0.0741043871020222,0.0528495483197708,-0.1324699424973844
2002-12-31,-0.058012396881865894,0.0024984171604526336,0.0409963276252116,0.0567618727462382,-0.0195807095603589,0.0956767750954806
2003-01-31,-0.027232174715605,0.005287201823197533,-0.0100237646948544,-0.0143931312989051,0.0082634288155585,0.0182283845006239
2003-02-28,-0.0198721436074706,-0.009930847351519168,-0.0112568423950132,0.0092781440216314,-0.0058445076960439,0.0257794896368992
2003-03-31,0.010503348707034899,0.0057516287879809,-0.0151461782558167,0.0203945775450701,-0.0075721108073693,0.0011615166870992
2003-04-30,0.0822701634631845,0.01713109420304613,-0.0036320224307358,-0.0361268228095215,0.0112274886475393,-0.0875088791741438
2003-05-31,0.0612992059844282,0.053811271469305304,0.0034809210857403,-0.0609307092188355,0.0307349470597136,-0.0783670171711473
2003-06-30,0.013407108038903302,0.017402990027506365,0.0025375721167671,0.0061880380363418,-0.0024886840882862,-0.0128335524902499
2003-07-31,0.0233256173775839,0.04820725261127743,-0.0233138921598405,-0.030337619390698,0.0173647542231177,-0.012820628661353
2003-08-31,0.0233964453332393,0.023798495650606568,0.0135264769132815,-0.0282170540304259,0.0213102574396224,0.0053373853997318
2003-09-30,-0.0123188171482542,0.0031582403075507332,0.0108482324837589,0.0088423586868118,0.0036987152159745,-0.0075360366409399
2003-10-31,0.0605406931244261,0.0278842411140442,0.017798695094579,-0.0097093733850408,0.014091404469543,0.0483038378009464
2003-11-30,0.013448801289206998,0.0227324856831629,0.0120531668435122,-0.0003977643898379,0.0176015831715162,0.0171036721346044
2003-12-31,0.0433269030659229,-0.025270800536331132,0.0224751885260077,0.0035638190135965,0.008924413103982,-0.0498425999057074
2004-01-31,0.0208525566992276,0.0282850009985099,0.0168962804932117,-0.0274195399095079,0.0329154259954469,0.0287908446377114
2004-02-29,0.0139668788838957,-0.0082094937545397,0.0059630775684621,0.014317274532781,-0.0112123670178319,-0.0090696599759678
2004-03-31,-0.0128707967127598,0.01939024931506043,0.0014033330899008,0.0117514095765558,-0.008862594443938,-0.0005842335300395
2004-04-30,-0.0182823010739324,-0.023795937895900034,-0.0161470968600461,0.0299497893017934,-0.0285954499911999,-0.0466858972939014
2004-05-31,0.0116096107162288,-0.0035736867757306667,-0.0043989092890687,-0.012570332755398,-0.0002413385271487,0.017301452669709
2004-06-30,0.0182607274572146,0.026013117741694666,0.0158559262852442,0.0099037697284144,-0.0033049132556779,0.0216756087418853
2004-07-31,-0.0405784592597464,-0.03213280630175673,0.0397686189710737,0.0404194807836639,-0.0172028656461779,-0.0409876628645237
2004-08-31,0.0003854069771857,-0.012427072570980933,0.0127143616154446,0.0069011472542649,-0.0147279539654372,-0.0257291171362328
2004-09-30,0.0161290984518345,0.03400522601185817,0.0031597854043832,-0.0071922707955737,-0.0169598927579085,0.0541416403381942
2004-10-31,0.0141869379955979,0.0024424848642824334,-0.0055268942912008,-0.0039416298462155,0.0041356103670201,-0.0094134889765409
2004-11-30,0.046298995517223995,0.043041304996448294,0.013336648054969,-0.0024980763426109,-0.0020168234128819,0.0305145247912367
2004-12-31,0.0341927480989182,0.0008293961357999,-0.0047961710778247,-0.0088748175456636,0.0034021211256269,-0.0274840241391488
2005-01-31,-0.027160099513257,-0.012159779872542633,0.0292291486418355,0.0257423259732583,-0.0151521208648587,0.0169866802459378
2005-02-28,0.019522478998245198,-0.0008921701428506668,0.0242571730255252,0.0170663511201295,-0.0022727521949996,0.0340068097766382
2005-03-31,-0.0191477382478238,-0.01572882897689627,0.0190569384670726,0.0065575271423173,0.0128970859201702,0.0041925833547582
2005-04-30,-0.025772926748175603,-0.0411083478766912,0.0021009492891247,0.0090758175834976,-0.0091423091333188,-0.0114502115566044
2005-05-31,0.0360006207222021,0.029456834677969296,-0.0109149530714192,-0.004698118214644,0.0024095154097745,0.0059819332570797
2005-06-30,0.0050209572786064,0.032213107718199,0.0312787445697799,0.0019080246281802,-0.0054680487917662,0.0283453393349341
2005-07-31,0.0392348263941079,0.0265846543407391,-0.0090934058019005,-0.0131611756079592,-0.0081770475944873,0.0073043463482001
2005-08-31,-0.012142016931653999,-0.009216776404491934,0.0107590912728106,-0.0185371932210732,0.0041351367645218,0.020168314302411
2005-09-30,0.0051829091605572995,-0.0044064323371144,0.0086693275010123,0.0054729103248416,-0.0051201573448089,0.0338169768796168
2005-10-31,-0.0199048851075783,-0.014089397932092169,-0.0038642722529143,-0.0035750325170798,-0.0133711794559762,-0.0206471847218151
2005-11-30,0.0362809106641988,0.009135907764163766,-0.0189386321714187,-0.0038073437779979,-0.0126470499919684,0.0049321248291409
2005-12-31,-0.0025196175182241,-0.0012411871874186337,0.0045950546429056,0.0017441383390653,0.0023063102685389,0.0062890563681383
2006-01-31,0.030175786196371398,0.0584314815529905,0.0085717729744536,-0.0104804237561696,-0.0025236439633608,0.0403309303294469
2006-02-28,-0.0027917130106631,-0.0018003133761097332,-0.0092206928634981,-0.0055485686612548,0.0210659911317124,-0.0203047848403473
2006-03-31,0.0148790119244671,0.035046585137499336,-0.001935579291969,0.0023810339577784,-0.0039491246441283,0.0175776792548665
2006-04-30,0.0072810400340279,-0.006257163507578034,0.0267441960913579,0.0179891761224858,-0.0003378216075896,0.013462579657994
2006-05-31,-0.0345616673247691,-0.03220963078984163,0.0276087255248339,0.0057709276797569,0.0140073721622379,-0.0425998551249794
2006-06-30,-0.0031649270189979,-0.0048110082848985,0.0157791447682864,0.0072768435745993,-0.0016296617832528,0.0074235273852953
2006-07-31,-0.007850975821477299,-0.037939234896687005,0.0334966801198464,0.0069776081722681,0.0087499008037808,-0.0198334435986991
2006-08-31,0.019875823677913,0.0051911061567957,-0.0201520019058634,-0.0156349645878046,0.0228105027591967,-0.0311541625442713
2006-09-30,0.018483600732130602,-0.013199175289452733,-0.0031047983925001,0.0059935196497827,0.0034418366926888,-0.0155812328967275
2006-10-31,0.0323452485271207,0.020601212012918035,-0.0006372487863904,-0.0040269888200723,0.0023234643878504,-0.0002264902663809
2006-11-30,0.0172807984805264,0.007076344007606767,0.0033202893675405,0.0046366823009161,-0.0075548544620594,0.0001461412056533
2006-12-31,0.0081386682746822,-0.0067155681364335995,0.0239060517625933,-0.0091166920597887,0.0194223724961009,0.0030660970146626
2007-01-31,0.014458667522120997,0.0024955469609270666,-0.0076455569838653,0.0035946647248329,0.0019254455068236,0.008727489083403
2007-02-28,-0.0198432412750306,0.015640505614368534,0.0012397673677475,-0.0039533596318954,-0.0067857510238431,-0.0127589509397016
2007-03-31,0.0071886563200126,-0.00013108398049906667,0.0008680466960181,-0.0034388646829014,-0.00645084348372,0.0235091308822074
2007-04-30,0.0358053784508899,-0.017967643789495235,-0.0156577686574961,0.0125248920018038,0.0106023628493883,-0.0005314753307765
2007-05-31,0.0319065301047373,0.0028207619245503666,-0.0034179132397594,0.0108788064993726,-0.0123443109832901,-0.002009530006933
2007-06-30,-0.0201314891810892,0.005135277034838533,-0.0099478203866844,0.0023550104057342,0.0017310693145941,0.0014079378396759
2007-07-31,-0.0375284594629583,-0.0306429784552525,-0.0303928156387117,0.0068897279761274,-0.0112474938727456,0.0265515882515254
2007-08-31,0.009311276298906702,-0.004944166003565166,-0.0197184570445661,-0.0068407969472737,-0.0061516287272846,-0.0012225388048393
2007-09-30,0.032034924696716496,-0.025673834050696665,-0.0223862282000029,-0.0013790435707157,-0.0285755006083342,0.0455334119061013
2007-10-31,0.0174062738401599,0.0023999217530202665,-0.0233262786973542,-0.00966835039053,-0.0001987277075575,0.0543361253012971
2007-11-30,-0.0480355883967059,-0.03172969876771353,-0.0042362082511364,0.0150208075115399,-0.0038474621834796,0.0060979625612231
2007-12-31,-0.0086839231975695,0.0020459350738487054,0.0002313173719916,0.0059791085227455,-0.0110506819446886,0.0628768359891592
2008-01-31,-0.0624618621814982,-0.006582150413835465,0.0375764546227144,0.0174338465860365,0.0201188395574087,-0.0812371225418889
2008-02-29,-0.0308198411262856,-0.0069447189654761,-0.0001751238590628,0.0207513055609414,-0.0098039647773991,0.0748247406774996
2008-03-31,-0.0083802775781048,0.003902001580525,0.0092767502410079,0.0090621695638368,0.0040608437609654,0.0306162228946718
2008-04-30,0.0446868844022974,-0.010785903406716599,-0.0087103608117829,0.0110814688924075,-0.0241626648858102,-0.0053340813952816
2008-05-31,0.018428476672417402,0.0305785218901569,-0.0050109660191118,0.0013883191253002,0.0017309411815146,0.0348598625482525
2008-06-30,-0.08462898506677019,0.010751070653844832,-0.0106065591369399,0.0406582493545003,-0.0081225297071197,0.1143524930539798
2008-07-31,-0.0079951065862851,0.0430358717142533,0.0307047483561162,-0.0038778720391264,0.0118106034577049,-0.0618789585962865
2008-08-31,0.0154939164292962,0.033586339878894436,0.0168022322514495,0.0178996002297839,0.0088396756724594,-0.0440400684631667
2008-09-30,-0.0921912272230669,0.0021178029113359,0.0443967384035533,0.0222203516656904,0.0195435550590655,0.005347855792385
2008-10-31,-0.1713632581866485,-0.03662688920432363,-0.0178654115458311,0.0437499681520264,0.0233157703651025,0.0684839542408929
2008-11-30,-0.07762767318204129,-0.045678378575581664,-0.0496973775843461,0.0451905145686956,0.0264901359666203,0.053714253434196
2008-12-31,0.0192243077364853,0.037780229312648364,-0.0119142826805361,0.0052206987673074,-0.017478707034305,-0.0506775348660832
2009-01-31,-0.0804010379629244,-0.023631571639706198,-0.0964587610984816,-0.0103045599600647,-0.0137699554876599,-0.0137064704023188
2009-02-28,-0.10018464101148951,-0.012446862005816633,-0.0638472243712912,0.0153084125005404,-0.0075687336187957,0.0402808940737768
2009-03-31,0.0889477362189646,0.009587686465647767,0.0222302927984648,-0.0240553974714669,-0.0250321404675215,-0.093493028147275
2009-04-30,0.0999111318087967,0.0746616716123646,0.0469476518414882,-0.013062280914673,-0.001894835915315,-0.3044695377935291
2009-05-31,0.0504231496664084,-0.019183160618578235,0.0028017234065691,-0.0098389787783664,-0.0201179575235278,-0.1100600990542576
2009-06-30,0.004780867830204,0.023689659163678333,-0.0247449874389621,-0.0210500690798484,-0.000743742238674,0.0290995822770974
2009-07-31,0.0779412664469212,0.036647798326066634,0.0368618435953722,-0.0067394145523642,0.0316675387385483,-0.0043381981118411
2009-08-31,0.0328992495081765,0.0108156988507049,0.0606952657786924,0.0011627365654731,0.0311262052617389,-0.0384005686809084
2009-09-30,0.040952669973742896,0.0260542810761147,0.0162623886208699,-0.0073286033357165,0.0036715417368404,-0.014110075886536
2009-10-31,-0.0244635304944356,-0.05006211059188853,-0.0398255863220959,0.0364627966716766,-0.0159193207899893,-0.0256254889636977
2009-11-30,0.0560731100544188,-0.025400463777566034,-0.0032739750965309,0.0116700939536843,0.0018993048841278,0.0274863247783589
2009-12-31,0.0285683492826216,0.0596608628079465,0.0041351364467405,-0.0056673422139238,-0.00145571830038,0.0255560352413228
2010-01-31,-0.0342185297138383,0.0018327777825264333,0.0054906267514393,-0.0055073938058913,0.0041552358987849,-0.0429302763323697
2010-02-28,0.0343686394617392,0.0156224091683981,0.0232268648692812,-0.0050465830315866,0.0127315353931455,0.0377257580279372
2010-03-31,0.062109383660133695,0.020860141257342733,0.0174075510700072,-0.0062997327947831,0.0176909520444436,0.0440376797476019
2010-04-30,0.019410790052130502,0.04992525701272601,0.0340413468185319,0.0060268056661251,0.0156739955560854,0.0311089247768496
2010-05-31,-0.0782379002188726,-0.0034416659893685662,-0.0212240272016023,0.0066045668522099,-0.0015563175390449,-0.0155585611729955
2010-06-30,-0.055333858046754,-0.029947174681085598,-0.0388128246431768,-0.0080182899688399,-0.0157867272681142,-0.0376172604033191
2010-07-31,0.0691748583217983,0.0003837206036179,0.0040945227719607,-0.0107365094321545,0.0186025240905303,0.0184482253221818
2010-08-31,-0.047691228349970805,-0.0282460946691416,-0.0193443660727408,0.0103952611509669,-0.0152833874890348,0.0062232892160232
2010-09-30,0.0955601312513505,0.03682195317635137,-0.0306381397457283,-0.0048308062107454,0.0021697297598468,0.0191598788138459
2010-10-31,0.0388352017729559,0.005297277911759833,-0.0206112054622295,0.0023877746572985,-0.0060335503414418,0.0103898251053237
2010-11-30,0.0060194701568924,0.03515081305406093,-0.0058306505840043,-0.0080466792466607,0.0167147373396158,0.0285353499627189
2010-12-31,0.0671222614045931,0.0098260542352473,0.0367990186849682,-0.025829699293648,0.0322520649093393,-0.0164668450975727
2011-01-31,0.02037906091051,-0.023043653354856697,0.0099477437175019,-0.0057750778259726,0.0099628339440554,-0.0068258437623069
2011-02-28,0.035858374003437894,0.019277235529889566,0.0143533094947575,-0.0113463681944256,0.0092604527605848,0.0226543216808681
2011-03-31,0.0052912130497794994,0.024797738802579766,-0.0125922883563758,0.0132238141989741,-0.0010711365957616,0.0208525941446252
2011-04-30,0.0300578800436228,-0.005150770844481233,-0.022252631033131,0.0078312185064606,-0.0097831659789246,-0.0002911121823181
2011-05-31,-0.012364330451045,-0.008430117175634468,-0.0187613994123808,0.0148975149956218,-0.0145942952379317,-0.0189204629081572
2011-06-30,-0.0168485284709564,0.0020631537691499667,-0.0019593384668285,0.0199610627440861,-0.0157088109955092,0.0099286279136038
2011-07-31,-0.0235241125197305,-0.014277246902464166,-0.009234901010647,0.0237506407137801,-0.0166722570940293,0.0027297423938591
2011-08-31,-0.0597019054563173,-0.03485566099052287,-0.0147428112476552,0.0342749882591306,-0.0022263639394999,-0.0196576596002524
2011-09-30,-0.0755967847102103,-0.03679759577164463,-0.0135585000118778,0.0222298066501014,0.0018641873751317,-0.0408920395874376
2011-10-31,0.1135859346035692,0.0376490216324422,-0.0057391663163529,-0.0141588220859434,-0.0085329724283791,-0.0102510445700884
2011-11-30,-0.0023108015968685,-0.0056748765928825,-0.0017592264131831,0.0226806410583143,0.0134210178232333,0.0408994881710204
2011-12-31,0.0073231413561737,-0.004532293940618434,0.0184786937597666,0.0070222730866998,0.0249637222263431,0.022623252331828
2012-01-31,0.0503789454743049,0.024064956915515866,-0.0184820369471904,-0.0146737137057716,-0.0140438470596226,-0.0710480525467339
2012-02-29,0.0442601748764001,-0.0175137483818311,0.0017167001049067,-0.0076071595627544,-0.0006178188626199,-0.0023618088261351
2012-03-31,0.0312189157825045,-0.0031787537361340663,0.0005397413122641,0.0052156736165982,0.0075069031996535,0.0192197706956141
2012-04-30,-0.0078446692094103,-0.007407552703579534,-0.0051152447629053,0.0076499351124696,0.0073343990413055,0.0367086853686096
2012-05-31,-0.061725786576474304,-0.001895475039767367,-0.0001225353404104,0.0289713779990586,0.0232824582403488,0.0595452590403494
2012-06-30,0.0390419395473538,0.010082981052532,0.0058286444672955,-0.0149749472288704,0.0033765409999629,-0.0092315349441122
2012-07-31,0.0079488545795122,-0.02648047163126167,-0.0002406713978031,0.0113955215663376,0.0006551080238062,0.0302763896112006
2012-08-31,0.0255784803734782,0.006389575045177467,0.0093598907185615,-0.010567335280475,-0.0084552509910033,-0.0191311374444552
2012-09-30,0.0272645698683043,0.006810506426821267,0.0171919835250893,-0.0119112247380257,0.0168975605753843,-0.016681070078264
2012-10-31,-0.0175638660029684,-0.008709877923166767,0.0430903319893669,-0.0162216475416104,0.0226114305501144,-0.0038945594047429
2012-11-30,0.0075877021148416,0.005205917108813934,-0.0134597270070493,0.0088599221392629,0.0092475438286907,0.0084984619692905
2012-12-31,0.011563724243902701,0.020672443110179066,0.0319487462797941,-0.0176687211940885,0.0064698194008477,-0.0218640183126493
2013-01-31,0.0557597526699355,0.006054763485075734,0.0108939113665459,-0.0177569913296326,0.0142361661518518,-0.0084275328969666
2013-02-28,0.0131442212019414,-0.0031871045346926665,0.0013791331453652,-0.0080879265026425,0.0050705885168183,0.0205300897739819
2013-03-31,0.0404786609108761,0.008089245607817434,-0.0028257958390635,0.0008873598890177,0.0119206798276611,0.019297393202
2013-04-30,0.0152988149392268,-0.02285897663510263,5.652411379276651e-05,-0.0033264779492494,0.0051482933899131,0.0126414304397286
2013-05-31,0.0283601156334196,0.025877622450865532,0.010626948580613,-0.008889339124757,-0.0089731964725143,0.0060207476349009
2013-06-30,-0.0124165453320436,0.011518766515910566,-0.0045729376017174,-0.0014075832720492,0.0034172635121926,0.0043066119016593
2013-07-31,0.056249230240006,0.018927024397649168,0.0077195056550936,-0.011803295580288,0.0057214277592502,0.0270520933512801
2013-08-31,-0.0270518720262313,-0.0010145219946426334,-0.0231485698230644,0.007488032601633,-0.0211614962726531,-0.0051585506884273
2013-09-30,0.0375838526665897,0.0257861618135945,-0.0172865645831369,-0.0068659097141155,-0.013203491307277,0.0315341781302902
2013-10-31,0.0419896070749511,-0.01859978863022283,0.0183027550115038,0.0247693491822881,0.0086611135712069,-0.0059949658035136
2013-11-30,0.031474902413692,0.014934617671692433,-0.0026025473082826,0.0106213222178798,0.0017226821981764,0.0245324826028136
2013-12-31,0.0271552055679823,-0.0041410948856611335,-0.0025632005523846,-0.0082439959744212,0.0014934063504952,0.0107344056923209
2014-01-31,-0.0340000478896384,0.004849357916013133,-0.0181324515119103,-0.0398743403360487,-0.0149059385408449,0.0034622541021656
2014-02-28,0.0467523341561101,-0.00014467068538229997,-0.003465483764917,-0.0073285268553282,-0.003814453243381,0.0206634435513446
2014-03-31,0.005573165171909,-0.008682691519000732,0.0462142785421463,0.0224835232577098,0.019444873376885,-0.0372954396333449
2014-04-30,0.0003272037413437,-0.041035867962492034,0.0142558242313091,0.0292476490354866,0.008844335042676,-0.0477976847441191
2014-05-31,0.019923770104817,-0.01636735309202733,-0.0042428833753097,-0.0019679228248178,-0.0091469484294941,0.0062221258381677
2014-06-30,0.0249022832350027,0.029793569946218835,-0.0036860804695407,-0.0198566061030501,-0.0192251037120491,0.0143374661293478
2014-07-31,-0.0204368883096863,-0.04141746583920037,-0.0013263614823572,0.0102639796521445,0.0038832574983759,-0.0145866677760929
2014-08-31,0.042570213856179,0.0047474076259866665,-0.0117072577840534,-0.0059373104578123,-0.0065914258471251,0.0121258289561551
2014-09-30,-0.0195291023970311,-0.03734067875116506,-0.0184331874676794,0.0112229716718342,-0.0049666026732299,0.0033473839920995
2014-10-31,0.0255218018830394,0.0355267161749702,-0.0202454309346607,-0.0109208659903444,-0.0030492852550216,-0.0006242080105033
2014-11-30,0.0254001577709009,-0.0216608213905518,-0.0389464195297959,0.0203737264750766,0.0005857052765564,0.011937806992879
2014-12-31,-0.0004606271387963,0.027827153685590866,0.0152296568264158,-0.019415442298293,0.0121935107976298,0.0167057724238924
2015-01-31,-0.0311878238063737,-0.010240531881295966,-0.0312559152455503,0.0093286526230606,-0.0155295049702853,0.0454288825177631
2015-02-28,0.0611692807395795,0.003375875905827233,-0.0217811194200917,-0.0009612639657478,-0.0182596971432294,-0.0238085922611769
2015-03-31,-0.0120788192293458,0.03241368252042687,-0.0053546161873102,-0.0010120851362939,-0.0069475550946642,0.0301748578116155
2015-04-30,0.0060386238725649,-0.0324712210251224,0.0224341056334911,0.0005671803536025,-0.0061640854220708,-0.0737964479619665
2015-05-31,0.0128043629414297,0.008587948498867999,-0.0176427105479733,-0.014411979830282,-0.008648713534959,0.061741086939885
2015-06-30,-0.0156271982873933,0.027891623999606735,-0.0041320999402227,0.0073726527293007,-0.0172491914463529,0.0287227190972193
2015-07-31,0.0154895367772278,-0.043051422681539664,-0.0417418897238636,0.0019022085663216,-0.0191280408766005,0.0816909238634019
2015-08-31,-0.0604474080090178,0.004471958427725867,0.027791355167999,0.0107274874566114,0.0131902330814356,-0.0174360110807346
2015-09-30,-0.0306300391336891,-0.0327610273791481,0.0110359256931707,0.0189582135610474,-0.0043847275223224,0.0521429095737139
2015-10-31,0.0785060160265926,-0.01830743526803893,-0.0060152553740342,0.0083137130664909,0.0092529445464997,-0.032153029478244
2015-11-30,0.0061434532770279,0.0348323844986701,-0.007644609364076,-0.0257832250724645,-0.0100274987277643,0.0343661479393391
2015-12-31,-0.021958803163498,-0.0305926377215254,-0.0196209544260335,0.0072925823224698,0.0039501170649396,0.0417268668348808
2016-01-31,-0.0580443511678037,-0.036082461906945834,0.0296584196122688,0.0274283762022654,0.0328530435616961,-0.0041951599538411
2016-02-29,-0.0008120232084184,0.009145278571309501,-0.0060775583211333,0.0267476302246251,0.0183181465156923,-0.0446547455507216
2016-03-31,0.0694529346488343,0.010617213689632365,0.0147589484013479,0.0041023796053941,-0.0002952201759805,-0.0497391178390387
2016-04-30,0.0083136453053378,0.010389927466026433,0.0341056177480623,-0.022397664598385,0.015763730528194,-0.0589041710183211
2016-05-31,0.0186016675767278,-0.007067844750395333,-0.0159083843577554,-0.007047782847141,-0.0246769999788742,0.0220151907330838
2016-06-30,-0.0015805451805949002,0.0015787343557177667,-0.0028820307868348,0.0014261693728345,0.0170660768631299,0.0503861122029448
2016-07-31,0.0393683535382353,0.02970170649547414,-0.0212370679701231,0.0143696423944523,-0.0088082712756402,-0.0250526040790502
2016-08-31,0.0048738983552574005,0.017193059108004765,0.0217236742232701,-0.0111215152327995,-0.0018612594621576,-0.0382178826032487
2016-09-30,0.002348967180169,0.0191852395994139,-0.0122844986487995,-0.0184466915462948,-0.0004753888149227,0.0072459088755201
2016-10-31,-0.0199577515017943,-0.040764723633874796,0.0397218631960743,0.0083569243530496,0.0020474898971107,-0.0041402909211594
2016-11-30,0.048771810298335896,0.07416152073871894,0.0652234271450994,0.0136772063838824,0.0338437998629444,-0.0304179173207739
2016-12-31,0.018237188217242697,0.0014117029524944001,0.0352736822278279,0.0105848736144906,-0.0031480161153382,-0.0136502930356541
2017-01-31,0.019179641979811098,-0.012075741763005932,-0.0288027114951112,-0.0017537228108161,-0.0105929366844419,0.0062495499456327
2017-02-28,0.0362264989292026,-0.023235640200520366,-0.018670618430055,0.0045250804668349,-0.0186632955336468,-0.0178127662164651
2017-03-31,0.0016536591736756,0.0053109035577725006,-0.0308002324278043,0.0033458462566753,-0.0100911411252995,-0.0102514712400175
2017-04-30,0.010986667395184599,0.0056956115974153,-0.0146867435413435,0.022795850963526,-0.014184619369516,-0.002566405219011
2017-05-31,0.0105384439476096,-0.031960671485816966,-0.0332991151829055,0.0097283950394678,-0.0162679306931077,0.0107587726632539
2017-06-30,0.0079397741710763,0.028184243790513697,0.0014857206898059,-0.0127064820758939,-0.0024212579093169,-0.0006069834938033
2017-07-31,0.0188484987801367,-0.0149978174392945,0.0031284064108881,-0.0028270902666355,-0.0015011187552459,0.0163235806174975
2017-08-31,0.0020802193406637996,-0.0190412950504103,-0.0200486939965364,0.0043766120297742,-0.0207846671207596,0.0320562427148238
2017-09-30,0.0252465622462821,0.04937582791123813,0.0225283788080658,-0.0078223926753183,0.0165592965127662,-0.0041804863625524
2017-10-31,0.0221553955593992,-0.016789449807901768,-0.0032994692246225,0.0158002447362886,-0.0341839962656949,0.0477536335898243
2017-11-30,0.0317589784710876,-0.0035989295538724334,0.0014381173970746,0.0254906661054825,-0.0037262701030047,-0.0038041126416603
2017-12-31,0.0107960543360345,-0.007940022467708733,-0.0008558075128272,0.0037387871051592,0.0209680523004554,-0.0175299408860277
2018-01-31,0.0555464806602893,-0.027868435188625033,-0.0259583545509646,-0.0025038959558357,-0.0084278577814841,0.041284621252438
2018-02-28,-0.036188843062062694,0.0020428302232938333,-0.0161134353031001,0.0096552188841446,-0.017148651462824,0.0329598312962646
2018-03-31,-0.0232072851994191,0.03267797562072836,0.008345262060283,-0.0032071478717913,0.0015731403409562,-0.0118030760913734
2018-04-30,0.0028245349226138994,0.009462098448779066,0.0019676405168252,-0.0275323192707497,0.0136362269371881,-0.0059267215396367
2018-05-31,0.025872494739769,0.04784417202979007,-0.0326765999654715,-0.0143844372481511,-0.0148713652798862,0.0253995094801743
2018-06-30,0.0042436055344611,0.0076867941565862,-0.016389097120805,-0.0006013654631208,0.0013345711426447,-0.0248934782940548
2018-07-31,0.032146942842255506,-0.015773733078282434,-0.0004866544794774,0.0141495423670986,0.0065197795085558,-0.0135869214183729
2018-08-31,0.0344680227891238,0.0068194648992997665,-0.0414387935383426,-0.0017294184630367,-0.0266311122164339,0.0465414329886092
2018-09-30,0.0007606240780227,-0.026034592404377232,-0.0141367303743464,-0.0017844687639048,0.0125974852578665,-0.0016130748410042
2018-10-31,-0.0767284721345633,-0.0468946848373152,0.0334350208638871,0.0024519196533203,0.0349761084948728,-0.0335083048879301
2018-11-30,0.016886967897707602,-0.0095012390740456,0.0081599234571974,-0.0095995949814815,0.0051590091425711,-0.0288184484136671
2018-12-31,-0.0954973409986062,-0.032037318489037236,-0.0100672429968072,-0.0006831425660881,0.0037173467375209,0.0064258297964758
2019-01-31,0.083579585681377,0.035879309047122866,-0.0034129246728463,-0.0016325688696725,-0.0154291826560404,-0.0671443342677949
2019-02-28,0.034547320976359895,0.013646651086721634,-0.0304843279137024,0.0069152236774901,-0.018736359663993,0.0084122823725914
2019-03-31,0.0110971529381317,-0.035178302207295196,-0.0316595207787895,0.0066420930361708,-0.0088154385392407,0.0215108969057938
2019-04-30,0.040029207841588706,-0.012491790961444302,0.017553554824601,0.0197899271962622,-0.0245090990320044,-0.023834295356182
2019-05-31,-0.0702009305703099,-0.017648890125451264,-0.0218364219910312,-0.0127053335842156,0.0177343130221964,0.0724866378587426
2019-06-30,0.0691511309429683,0.0021909750566541,-0.009458616177001,0.0143280175574583,-0.0087037387356375,-0.0257701733930488
2019-07-31,0.0119415349089058,-0.0169241519675536,0.0058579009138535,-3.303503584512575e-05,0.0082063095525526,0.0211678026107264
2019-08-31,-0.025823510658682502,-0.035457918456682766,-0.0470821335425666,-5.473755948653958e-05,-0.0086977947674981,0.065232538974431
2019-09-30,0.014646234933330702,0.006924500580142233,0.0629909254438667,0.0180229576140457,0.036242964535745,-0.0685248444911101
2019-10-31,0.020826462851657398,0.0025029888325194334,-0.0165370602594638,0.0057558207422312,-0.009207137242298,0.0006241239015672
2019-11-30,0.038718105957938,0.007161236867449366,-0.0277578968450686,-0.0035447768002917,-0.0095913229888017,-0.0200240552793026
2019-12-31,0.027646552656008003,0.011917544423234566,0.0161374839885203,0.0059571088856867,0.0139143542579211,-0.018090440234896
2020-01-31,-0.0016513228746424,-0.04026706396247617,-0.0574959855396327,-0.0154133689447559,-0.0177619714228989,0.048939974423028
2020-02-29,-0.08207562790095521,-0.0036351595489482664,-0.0343260230257915,-0.0174706506285797,-0.0236709504388482,0.0070223966123844
2020-03-31,-0.1336355389399355,-0.09287058599925467,-0.1256464147181754,-0.0079661447237176,0.0102535082404756,0.08381500899471
2020-04-30,0.1361302926577813,0.037614622666166234,-0.0213703569063216,0.0336944270278945,-0.0093344234854654,-0.0440052302878239
2020-05-31,0.054381131530263395,0.022538714052195968,-0.0462872232702981,0.0061721625899405,-0.0286123297741704,0.0134701282354672
2020-06-30,0.0237504840102291,0.0245631666263868,-0.0317599596233787,0.0078882208811994,0.003087037936057,0.0017496151163026
2020-07-31,0.0574950567737317,-0.0281231240156655,-0.0097369386244899,-0.0066368157613377,0.0067014041534053,0.0672418494727702
2020-08-31,0.0763034532054751,-0.007800931211183267,-0.0283578139082436,0.0349915395334965,-0.016158266052198,0.0036300921848992
2020-09-30,-0.036558394883318406,-0.0005991692327969358,-0.0234623901593371,-0.0237301652215505,-0.0226991021072591,0.013645185942099
2020-10-31,-0.0210963209040334,0.04371953666087617,0.0401596949459511,0.0026905673391187,-0.0028445826992415,-0.0337534083000178
2020-11-30,0.1231047422565187,0.0762622258825363,0.0129150587359946,-0.0267047156447836,0.0111579073321339,-0.0976666360816042
2020-12-31,0.046125440768730895,0.05114697653524874,-0.0243153012720095,-0.0018220322054144,-0.0055785923554877,-0.0077487643921867
2021-01-31,-0.001788589405878,0.08057884972407066,0.0212634202906982,-0.0323175894447233,0.0557619581780573,0.0308453903380182
2021-02-28,0.0293328803246993,0.049280457604230575,0.0619320927574615,0.0181197725659302,-0.0141351448366097,-0.0400472134308508
2021-03-31,0.0338880944636143,-0.0139443740522591,0.0730024442343482,0.0517795155908538,0.0373979662289364,-0.0732484960899545
2021-04-30,0.0516131459592651,-0.029936578165145705,-0.0070679898338612,0.0191978599958392,-0.0244484883295956,-0.0021603257637335
2021-05-31,0.0035187153169902,0.012380563774837067,0.0652013152166478,0.0219311625697831,0.0294274739041845,-0.0053073366375495
2021-06-30,0.0255399807563066,-0.0006390980715018004,-0.077609124921342,-0.0254851489405839,-0.0118172854779144,0.0285482503759284
2021-07-31,0.0121595599074937,-0.04777775210789314,-0.0077064853955712,0.0454403391982341,-0.0025663838154343,-0.0339766279095503
2021-08-31,0.0292015545565571,-0.004993781610376867,-0.0002629538605375,-0.0015045329674273,-0.016233021913605,0.0094839710669978
2021-09-30,-0.0437701368385599,0.0084089608705609,0.0472641483549345,-0.0205039474605536,0.0197689175861542,0.0129980830909067
2021-10-31,0.0668973892694181,-0.028472957981503535,-0.0012272679809421,0.0210719737834756,-0.0134953561353505,0.0417630068239638
2021-11-30,-0.0162560922963591,-0.0236832890049317,-0.0036987665488684,0.0559883113592141,0.0132567031499517,-0.0049676115433133
2021-12-31,0.033258368275566,-0.0106239374285753,0.0383767189215306,0.0397065778284639,0.0429447934985244,-0.0143313932629417
2022-01-31,-0.0594349710745277,-0.0402173915242221,0.1255673353467959,0.0153540300749614,0.0759805894481999,-0.0283446926552054
2022-02-28,-0.0230559376058034,0.031667410897388636,0.0328334724828898,-0.0074484303479931,0.0315101614083052,0.0206776614753879
2022-03-31,0.031561317107589394,-0.018994368877508133,-0.0095540143906977,-0.0157872473655428,0.0305890162029846,0.0345741330570458
2022-04-30,-0.0921415727960276,-0.0098340531757485,0.0655654409906783,0.023056702702102,0.0541083236750025,0.0439219250977788
2022-05-31,-0.0023831360458282,-0.0035728542194035004,0.0898416747078188,0.0108179310520134,0.0388881603975716,0.0162356421173187
2022-06-30,-0.08284647747196311,0.008248485756285567,-0.0499378553855955,0.0146479096152686,-0.0441975468520025,0.0027259479632732
2022-07-31,0.0955890254923297,0.019183576610078964,-0.0436448812880962,0.0189906595003566,-0.0711772257348282,-0.0163456786451811
2022-08-31,-0.037710201192028996,0.018961450792792333,-0.0042628941589873,-0.0345039548402513,0.013123313246801,0.019088230715282
2022-09-30,-0.0931192530010818,-0.0131311500937547,-0.0021399637010959,-0.0147908750363624,-0.0049037874216518,0.036976424147635
2022-10-31,0.0785936473431993,0.013067665906943767,0.0794240647312506,0.0255994186260704,0.0685808109492681,0.0374484804059321
2022-11-30,0.0464801566095499,-0.030994821286511303,0.0189110256994586,0.0511074411228401,0.0344252364202899,-0.0295604954646158
2022-12-31,-0.0640295258272027,-0.0047829221742055,0.0123564466919286,0.0012349526416318,0.0479357407719837,0.0453600481455704
