date,Mkt-RF,SMB,HML,RMW,CMA,RF,HML-DEVIL
196307,-0.39,-0.41,-0.97,0.68,-1.18,0.27,-0.59%
196308,5.07,-0.8,1.8,0.36,-0.35,0.25,0.28%
196309,-1.57,-0.52,0.13,-0.71,0.29,0.27,0.27%
196310,2.53,-1.39,-0.1,2.8,-2.01,0.29,-2.11%
196311,-0.85,-0.88,1.75,-0.51,2.24,0.27,0.91%
196312,1.83,-2.1,-0.02,0.03,-0.07,0.29,-0.81%
196401,2.24,0.13,1.48,0.17,1.47,0.3,0.92%
196402,1.54,0.28,2.81,-0.05,0.91,0.26,1.27%
196403,1.41,1.23,3.4,-2.21,3.22,0.31,3.91%
196404,0.1,-1.52,-0.67,-1.27,-1.08,0.29,1.43%
196405,1.42,-0.63,1.86,-0.16,0.17,0.26,-0.57%
196406,1.27,0.29,0.62,-0.28,-0.17,0.3,1.16%
196407,1.74,0.5,0.75,0.08,1.91,0.3,-0.27%
196408,-1.44,0.41,0.08,0.12,0.35,0.28,0.27%
196409,2.69,-0.34,1.7,-0.56,0.62,0.28,0.86%
196410,0.59,0.87,1.17,-0.43,0.47,0.29,0.48%
196411,0,-0.15,-1.96,0.63,-0.26,0.29,-1.80%
196412,0.03,-0.69,-2.48,1.07,-1.5,0.31,-1.34%
196501,3.54,2.44,0.12,0.91,0.1,0.28,1.30%
196502,0.44,3.31,0.11,0.23,-0.68,0.3,0.29%
196503,-1.34,2.12,1.03,-0.32,0.69,0.36,0.34%
196504,3.11,1.05,0.66,0.3,-2.2,0.31,-0.27%
196505,-0.77,0.1,-1.61,-0.45,0.53,0.31,0.23%
196506,-5.51,-4.28,0.59,0.22,0.37,0.35,0.86%
196507,1.43,1.08,2.2,-1.37,0.03,0.31,0.45%
196508,2.73,2.71,-1,1.9,-0.74,0.33,-1.25%
196509,2.86,0.62,-0.13,-0.89,0.8,0.31,-0.44%
196510,2.6,3.47,1.56,1.17,-0.65,0.31,-0.19%
196511,-0.03,5.19,0.15,-1.01,-0.94,0.35,-1.36%
196512,1.01,2.66,2.03,-1.14,-0.53,0.33,1.70%
196601,0.72,4.68,3.56,-2.82,-0.11,0.38,1.25%
196602,-1.21,4.71,0.33,-0.17,-1.49,0.35,-0.99%
196603,-2.51,0.32,-1.98,1.3,0.06,0.38,-1.81%
196604,2.14,3.35,-0.46,0.39,-0.95,0.34,-2.39%
196605,-5.66,-5.1,-1.63,1.64,-1.52,0.41,1.83%
196606,-1.44,1.37,0.5,0.15,0.78,0.38,0.04%
196607,-1.63,-0.41,0.95,-0.36,1.79,0.35,0.96%
196608,-7.91,-3.12,0.43,-0.09,0.8,0.41,1.69%
196609,-1.06,-1.14,0.56,-1.68,2.37,0.4,1.29%
196610,3.86,-6.45,2.69,-3.48,4.25,0.45,4.32%
196611,1.4,3.34,-4.69,4.13,-6.62,0.4,-5.91%
196612,0.13,2.02,-1.19,0.7,-0.34,0.4,-0.34%
196701,8.15,9.1,2.27,0.96,-3.16,0.43,1.85%
196702,0.78,3.06,-2.22,1.99,-0.99,0.36,-2.67%
196703,3.99,1.87,0.37,0.86,-1.6,0.39,-1.68%
196704,3.89,0.43,-2.48,2.33,-3.67,0.32,-2.91%
196705,-4.33,2.29,1.09,-1.73,1.73,0.33,-0.01%
196706,2.41,6.43,0.85,-0.62,-2.42,0.27,-2.93%
196707,4.58,3.54,2.73,0.48,2.7,0.31,1.16%
196708,-0.89,0.72,1.44,0.3,1.45,0.31,1.27%
196709,3.11,2.44,-2.5,0.2,-0.95,0.32,-2.33%
196710,-3.09,0.53,-3.3,1.01,-2.62,0.39,-3.32%
196711,0.37,-0.04,-1.7,1.34,-2.34,0.36,-2.09%
196712,3.05,5.75,-0.53,-0.81,0.13,0.33,-1.10%
196801,-4.06,4.51,4.8,-4.62,6.46,0.4,7.20%
196802,-3.75,-2.91,1.28,-0.16,2.45,0.39,3.20%
196803,0.2,-1.59,-0.59,1.05,-1.1,0.38,-2.16%
196804,9.05,6.18,-1.13,2.69,-3.65,0.43,-6.44%
196805,2.28,7,0.85,0.43,-1.92,0.45,-3.79%
196806,0.69,-0.28,0.73,-1.41,2.76,0.43,4.15%
196807,-2.72,-1.41,5.39,-3.13,3.72,0.48,6.14%
196808,1.34,2.27,1.01,-0.7,0.48,0.42,0.81%
196809,4.03,2.81,0.3,-1.99,0.87,0.43,0.93%
196810,0.42,-0.42,2.86,-1.32,2.7,0.44,3.66%
196811,5.43,2.39,-0.92,0.43,-2.43,0.42,-0.67%
196812,-3.94,3.52,-0.01,-1.86,1.76,0.43,1.16%
196901,-1.25,-0.44,1.67,-1.55,1.38,0.53,2.36%
196902,-5.84,-4.16,0.91,2.07,0.83,0.46,1.69%
196903,2.64,-0.45,-0.51,-1.43,-0.35,0.46,-1.47%
196904,1.46,-0.8,-0.03,0.41,0.06,0.53,-1.55%
196905,-0.1,-0.11,0.7,-0.95,1.39,0.48,0.58%
196906,-7.18,-5.45,-1.08,4.32,-1.6,0.51,-0.69%
196907,-7,-3.41,1.2,1.48,1.91,0.53,0.92%
196908,4.68,0.7,-3.79,1.13,-4.02,0.5,-3.69%
196909,-2.98,1.29,-3.27,3.39,-0.82,0.62,-3.22%
196910,5.06,3.96,-3.16,0.05,-2.15,0.6,-2.41%
196911,-3.79,-2.45,-1.19,1.46,0.3,0.52,-1.38%
196912,-2.63,-3.76,-2.86,2.54,-1.81,0.64,-3.43%
197001,-8.1,3.12,3.13,-1.72,3.84,0.6,3.33%
197002,5.13,-2.76,3.93,-2.29,2.76,0.62,3.38%
197003,-1.06,-2.41,3.99,-1,4.29,0.57,4.99%
197004,-11,-6.4,6.18,-0.64,6.21,0.5,5.79%
197005,-6.92,-4.48,3.33,-1.21,3.9,0.53,4.38%
197006,-5.79,-2.2,0.6,0.13,2.96,0.58,-1.08%
197007,6.93,-0.62,0.9,-0.26,1.84,0.52,2.46%
197008,4.49,1.52,1.15,0.56,-0.21,0.53,2.56%
197009,4.18,8.51,-5.47,0.3,-5.83,0.54,-2.45%
197010,-2.28,-4.43,0.22,1.71,2.34,0.46,-1.56%
197011,4.6,-3.86,1.69,1.57,1.47,0.46,0.76%
197012,5.72,2.94,1,0.27,0.3,0.42,3.29%
197101,4.84,7.54,1.33,-1.99,0.07,0.38,3.82%
197102,1.41,2.04,-1.23,0.62,-0.7,0.33,-1.31%
197103,4.13,2.26,-3.95,1.82,-2.71,0.3,-3.25%
197104,3.15,-0.36,0.69,-1.47,0.87,0.28,0.60%
197105,-3.98,-1.11,-1.44,1.4,0.25,0.29,-1.73%
197106,-0.1,-1.48,-1.87,1.53,-1.64,0.37,-1.40%
197107,-4.5,-1.39,0.02,0.64,1.46,0.4,0.64%
197108,3.79,-0.16,2.63,-0.43,2.64,0.47,0.03%
197109,-0.85,0.28,-2.91,2.56,-1.58,0.37,-2.93%
197110,-4.42,-1.6,-0.48,1.62,-1.35,0.37,-0.43%
197111,-0.46,-2.86,-1.68,2.44,-0.34,0.37,-1.77%
197112,8.71,3.27,-0.4,-0.4,-1.75,0.37,0.33%
197201,2.49,6.1,2.24,-1.69,0.55,0.29,1.19%
197202,2.87,0.87,-2.79,1.61,-0.52,0.25,-3.34%
197203,0.63,-0.43,-1.61,1.63,-0.18,0.27,-2.76%
197204,0.29,0.23,0.12,-0.42,-1.03,0.29,-0.81%
197205,1.25,-3.1,-2.7,2.34,-1.95,0.3,-2.35%
197206,-2.43,-0.43,-2.48,1.88,-0.36,0.29,-0.84%
197207,-0.8,-2.77,0.66,1.14,-0.66,0.31,-0.08%
197208,3.26,-3.48,4.54,-1.96,2.85,0.29,5.32%
197209,-1.14,-2.23,0.46,1.68,-1.97,0.34,-0.42%
197210,0.52,-2.54,1.34,-0.15,0.02,0.4,1.19%
197211,4.6,-0.62,4.85,-1.95,3.37,0.37,5.93%
197212,0.62,-1.89,-2.19,2.6,-2.16,0.37,-3.47%
197301,-3.29,-2.81,2.68,0.42,0.9,0.44,1.41%
197302,-4.85,-3.91,1.6,-0.26,0.02,0.41,1.35%
197303,-1.3,-2.33,2.62,-1.07,0.62,0.46,2.28%
197304,-5.68,-2.9,5.41,-1.58,2.6,0.52,4.29%
197305,-2.94,-6.17,0.41,1.95,-1.57,0.51,-1.87%
197306,-1.57,-2.48,1.2,-0.21,0.11,0.51,0.55%
197307,5.05,7.26,-5.31,-0.05,-3.28,0.64,-0.63%
197308,-3.82,-1.84,1.24,-1.31,1.3,0.7,0.51%
197309,4.75,3.6,2.01,-2.33,1.77,0.68,4.52%
197310,-0.83,-0.38,1.94,-1.9,2.71,0.65,-1.28%
197311,-12.75,-7.28,3.87,-2.63,1.73,0.56,1.69%
197312,0.61,-4.69,3.85,-2.78,2.48,0.64,0.86%
197401,-0.17,10.41,6.02,-3.07,4.42,0.63,12.24%
197402,-0.47,0.06,2.81,-1.87,2.63,0.58,2.87%
197403,-2.81,2.65,-0.32,2.8,0.44,0.56,1.20%
197404,-5.29,-0.7,0.85,2.87,2.09,0.75,-0.69%
197405,-4.68,-3.07,-2.02,4.95,-0.42,0.75,-1.74%
197406,-2.83,0,0.77,0.57,2.94,0.6,-0.64%
197407,-8.05,1.92,5.16,-3.25,4.6,0.7,5.78%
197408,-9.35,0.26,2.64,-0.28,2.59,0.6,1.89%
197409,-11.77,1.48,5.58,-4.44,5.91,0.81,6.61%
197410,16.1,-6.82,-9.87,-0.21,-2.86,0.51,-7.44%
197411,-4.51,-1.48,-0.2,-3.37,2.92,0.54,-0.35%
197412,-3.45,-4.35,0.11,-0.68,3.25,0.7,-0.34%
197501,13.66,12.91,8.28,-0.78,-0.9,0.58,18.45%
197502,5.56,-0.65,-4.44,1.16,-2.1,0.43,-5.56%
197503,2.66,4,2.38,1.26,-1.33,0.41,3.56%
197504,4.23,-0.71,-1.14,1.41,-1.34,0.44,-3.66%
197505,5.19,2.89,-4.1,-0.98,-0.6,0.44,0.61%
197506,4.83,1.43,1.38,-2.66,1.06,0.41,4.04%
197507,-6.59,3.44,1.69,0.46,1.22,0.48,3.58%
197508,-2.85,-2.84,-0.95,1.11,-0.93,0.48,-0.11%
197509,-4.26,0.05,0.39,0.53,0.55,0.53,0.64%
197510,5.31,-4.23,0.28,-0.49,2.26,0.56,-1.34%
197511,2.64,-1.09,2.03,-0.68,1.75,0.41,0.83%
197512,-1.6,-0.05,1.69,-0.09,0.57,0.48,3.41%
197601,12.16,6.34,8.63,-1.79,2.28,0.47,6.64%
197602,0.32,7.99,5.87,-2.64,3.87,0.34,5.07%
197603,2.32,-1.38,-0.12,-0.33,0.96,0.4,0.66%
197604,-1.49,0.08,-0.16,0.4,-1.1,0.42,2.40%
197605,-1.34,-1.1,-1.36,2.46,-1.41,0.37,-0.01%
197606,4.05,-1.07,0.71,-0.68,1.02,0.43,0.37%
197607,-1.07,0.63,1.73,-1.05,0.28,0.47,2.30%
197608,-0.56,-1.98,0.81,-0.42,-0.55,0.42,1.38%
197609,2.07,0.1,-0.29,0.98,-1.15,0.44,0.09%
197610,-2.42,0.13,-0.18,-0.19,-0.37,0.41,0.29%
197611,0.36,2.66,1.51,-1.41,0.09,0.4,1.36%
197612,5.65,3.64,2.27,-0.61,2.28,0.4,3.55%
197701,-4.05,5.9,4.27,-0.51,1.97,0.36,5.14%
197702,-1.94,1.07,0.47,-0.16,-0.22,0.35,0.33%
197703,-1.37,1.31,1.09,-0.3,-0.06,0.38,0.79%
197704,0.15,0.61,3.38,-2.01,1.14,0.38,2.56%
197705,-1.45,1.31,0.85,0.33,0.19,0.37,0.85%
197706,4.71,2.08,-0.74,0.91,-1.2,0.4,-1.82%
197707,-1.69,1.88,-0.56,0.73,0.09,0.42,1.25%
197708,-1.75,0.86,-2.7,0.98,-0.66,0.44,-3.15%
197709,-0.27,1.43,-0.52,1.43,-0.84,0.43,-0.24%
197710,-4.38,1.48,1.75,-0.2,-0.3,0.49,1.37%
197711,4,3.64,0.26,-0.13,0.73,0.5,0.18%
197712,0.27,1.59,-0.29,0.92,-0.69,0.49,-0.24%
197801,-6.01,2.72,3.36,-1.72,1.52,0.49,2.93%
197802,-1.38,3.7,0.83,0.3,1.01,0.46,0.49%
197803,2.85,3.71,1.18,-0.59,1.89,0.53,2.35%
197804,7.88,-0.26,-3.54,2.81,-1.26,0.54,-3.98%
197805,1.76,4.58,-0.52,0.22,0.41,0.51,-1.51%
197806,-1.69,1.56,0.57,-1.4,-0.07,0.54,-0.51%
197807,5.11,0.12,-1.15,1.55,-0.78,0.56,-3.00%
197808,3.75,4.95,-0.51,1.43,0.46,0.56,-0.43%
197809,-1.43,-0.32,1.89,-0.67,1.78,0.62,4.03%
197810,-11.91,-10.02,1.38,0.12,0.94,0.68,4.36%
197811,2.71,2.81,-2.15,1.13,-1.17,0.7,-1.80%
197812,0.88,1.13,-2.13,2.01,-1.32,0.78,-3.01%
197901,4.23,3.78,2.19,-2.47,1.52,0.77,4.19%
197902,-3.56,0.54,1.17,-1.12,0.94,0.73,2.11%
197903,5.68,3.24,-0.71,0.53,0.32,0.81,-1.58%
197904,-0.06,2.37,1.12,1.08,0.17,0.8,-0.24%
197905,-2.21,0.18,1.31,-1.54,-0.27,0.82,1.54%
197906,3.85,1,1.44,-1.66,-0.52,0.81,0.48%
197907,0.82,1.27,1.86,-0.29,0.71,0.77,1.39%
197908,5.53,1.92,-1.58,1.62,-1.48,0.77,-1.97%
197909,-0.82,-0.32,-0.9,1.01,0.32,0.83,-1.15%
197910,-8.1,-3.5,-1.84,1.01,0.07,0.87,-1.06%
197911,5.21,2.53,-3.29,0.06,-2.12,0.99,-3.72%
197912,1.79,4.32,-2.1,-0.7,-0.92,0.95,-3.75%
198001,5.51,1.83,1.75,-1.7,1.64,0.8,-2.71%
198002,-1.22,-1.57,0.61,0.04,2.68,0.89,-3.14%
198003,-12.9,-6.93,-1.01,1.46,-1.19,1.21,7.00%
198004,3.97,1.05,1.06,-2.1,0.29,1.26,1.86%
198005,5.26,2.11,0.38,0.34,-0.31,0.81,0.98%
198006,3.06,1.41,-0.76,-0.15,-1.26,0.61,-1.65%
198007,6.49,3.82,-6.41,4.06,-2.43,0.53,-5.34%
198008,1.8,4.25,-2.6,2.06,-0.86,0.64,-3.21%
198009,2.19,0.67,-4.59,1.91,-2.76,0.75,-4.28%
198010,1.06,2.33,-2.76,1.65,-1.15,0.95,-5.07%
198011,9.59,-3.31,-8.33,4.5,-5.66,0.96,-10.71%
198012,-4.52,-0.29,2.79,-1.29,1.24,1.31,5.65%
198101,-5.04,3.29,6.72,-3.51,4.33,1.04,8.89%
198102,0.57,-0.5,1.02,0.21,2.22,1.07,1.05%
198103,3.56,3.02,0.64,-2.24,-0.54,1.21,1.26%
198104,-2.11,4.59,2.28,0.83,1.24,1.08,2.30%
198105,0.11,2.45,-0.42,0.3,-1.53,1.15,-1.21%
198106,-2.36,-0.96,5.13,-1.37,2.66,1.35,6.86%
198107,-1.54,-2.05,-0.5,1.26,-2.54,1.24,0.16%
198108,-7.04,-1.81,4.76,-0.32,1.41,1.28,3.66%
198109,-7.17,-2.45,5.17,0.08,2.63,1.24,3.75%
198110,4.92,2.37,-4.21,3.15,-3.01,1.21,-4.83%
198111,3.36,-1.51,1.83,0.08,0.95,1.07,3.05%
198112,-3.65,1.2,0.81,0.22,2.5,0.87,0.54%
198201,-3.24,-1.14,3.19,-1.49,1.92,0.8,2.41%
198202,-5.86,0.35,6.05,-3.48,4.56,0.92,4.05%
198203,-1.87,-0.05,3.81,-1.38,2.49,0.98,2.71%
198204,3.27,1.09,-2.7,1.57,-0.01,1.13,-1.99%
198205,-3.99,0.64,1.75,0.87,-0.3,1.06,2.03%
198206,-3.09,-0.52,1.53,0.01,2.72,0.96,0.08%
198207,-3.19,0.95,0.09,1.04,1.55,1.05,-1.07%
198208,11.14,-4.35,0.95,-1.89,0.09,0.76,2.29%
198209,1.29,2.61,0.28,2.14,-0.04,0.51,-0.18%
198210,11.3,1.92,-3.66,0.29,-0.34,0.59,-2.68%
198211,4.67,4.43,-1.87,-0.97,0.27,0.63,-4.35%
198212,0.55,-0.04,-0.02,-0.01,1.02,0.67,0.98%
198301,3.6,3.35,-0.75,-1.55,-0.58,0.69,1.31%
198302,2.59,2.92,0.7,-0.52,1.05,0.62,-0.87%
198303,2.82,1.37,2.02,-0.17,2.74,0.63,1.52%
198304,6.67,0.48,0.49,-0.11,1.42,0.71,0.36%
198305,0.52,6.3,-1.4,-1.84,-1.51,0.69,0.31%
198306,3.07,1.18,-3.9,2.6,-0.87,0.67,-3.94%
198307,-4.07,1.01,5.62,-0.14,2.81,0.74,5.88%
198308,-0.5,-4.32,5.54,0.51,1.9,0.76,5.27%
198309,0.91,0.3,1.01,1.24,0.5,0.76,1.41%
198310,-3.44,-3.77,4.97,-0.77,2.96,0.76,5.05%
198311,2.16,1.87,-0.72,-0.67,0.66,0.7,-0.16%
198312,-1.78,-0.45,1.73,1.64,1.27,0.73,1.97%
198401,-1.92,-0.04,7.58,-0.89,2.92,0.76,9.27%
198402,-4.82,-1.59,3.33,0.9,1.58,0.71,3.15%
198403,0.63,-0.29,0.46,-0.96,1.17,0.73,0.50%
198404,-0.51,-0.95,1.2,3.34,0.76,0.81,-0.19%
198405,-5.97,0.13,0.31,2.36,-0.46,0.78,0.42%
198406,1.82,0.11,-2.66,3.17,-1.56,0.75,-2.84%
198407,-2.74,-2.22,0.36,3.55,-2.15,0.82,0.66%
198408,10.28,-0.26,-1.82,-0.68,-0.92,0.83,-0.03%
198409,-0.8,-0.03,5.28,1.37,2.41,0.86,4.72%
198410,-0.84,-1.44,0.45,1.18,-1.09,1,0.42%
198411,-1.76,-1.02,4.06,0.72,2.06,0.73,3.65%
198412,1.84,-0.65,-0.26,1.31,-1.36,0.64,-0.54%
198501,7.99,3.51,-5.35,-0.89,-3.41,0.65,-2.57%
198502,1.22,1.04,-0.1,1.29,1.06,0.58,-0.58%
198503,-0.84,-1.39,4.07,1.23,2.88,0.62,3.16%
198504,-0.96,-0.1,3.72,1.55,0.71,0.72,2.23%
198505,5.09,-2.31,-0.96,1.33,-1.49,0.66,-1.37%
198506,1.27,0.35,0.38,1.76,-0.77,0.55,-0.99%
198507,-0.74,2.87,-1.62,-0.42,-0.38,0.62,-0.59%
198508,-1.02,-0.29,2.32,-0.1,1.83,0.55,1.77%
198509,-4.54,-1.8,1.29,1.14,1.64,0.6,0.74%
198510,4.02,-1.5,0.75,0.89,-1.06,0.65,-0.39%
198511,6.48,0.02,-2.85,0.33,-2.32,0.61,-2.34%
198512,3.88,-0.41,-1.54,0.99,-1.8,0.65,-1.13%
198601,0.65,1.01,0.44,-2,-2.03,0.56,-0.64%
198602,7.13,-0.71,-0.72,1.06,-1.2,0.53,-2.22%
198603,4.88,-0.66,-0.39,1.21,0.92,0.6,-0.65%
198604,-1.31,2.84,-2.87,2.91,0.03,0.52,-2.97%
198605,4.62,-1.29,-0.21,2.13,1.08,0.49,-0.32%
198606,1.03,-0.89,1.28,1.8,0.87,0.52,-1.18%
198607,-6.45,-3.46,4.7,-0.54,0.84,0.52,3.36%
198608,6.07,-4.35,3.51,-1.66,3.21,0.46,5.84%
198609,-8.6,2.05,3.22,-0.08,3.71,0.45,5.16%
198610,4.66,-2.33,-1.42,-0.05,1,0.46,-1.44%
198611,1.17,-1.88,-0.07,1.09,0.67,0.39,0.33%
198612,-3.27,0.12,0.36,0.79,0.09,0.49,-0.03%
198701,12.47,-1.54,-3.16,0.17,-1,0.42,-2.23%
198702,4.39,3.4,-5.91,-0.76,-2.66,0.43,-5.07%
198703,1.64,0.28,1.61,1.36,4.14,0.47,1.78%
198704,-2.11,-1.54,-0.39,-0.49,1.05,0.44,0.57%
198705,0.11,-0.56,0.23,0.51,1.14,0.38,1.48%
198706,3.94,-2.21,1.04,1.7,0.84,0.48,1.13%
198707,3.85,-1.14,0.68,-0.61,1.61,0.46,-0.56%
198708,3.52,-0.94,-0.93,2.04,-1.61,0.47,-0.55%
198709,-2.59,0.38,0.27,-0.97,1.87,0.45,-0.14%
198710,-23.24,-8.07,4.24,2.04,2.34,0.6,8.48%
198711,-7.77,2.85,2.95,-1.88,0.68,0.35,2.07%
198712,6.81,0.06,-4.43,2.96,-2.42,0.39,-4.28%
198801,4.21,-0.51,5.01,-1.14,2.13,0.29,8.42%
198802,4.75,3.32,-1.71,1.56,-0.01,0.46,-1.09%
198803,-2.27,6.25,0.73,-0.25,1.8,0.44,-0.03%
198804,0.56,1.16,1.67,-0.2,1.92,0.46,0.50%
198805,-0.29,-2.56,2.42,-0.74,0.33,0.51,2.26%
198806,4.79,2.16,-1.24,1.47,-3.37,0.49,-0.32%
198807,-1.25,-0.21,2.22,-0.58,1.52,0.51,2.08%
198808,-3.31,-0.03,2.15,-0.82,1.76,0.59,1.63%
198809,3.3,-1.36,-0.75,1.76,-0.61,0.62,-0.81%
198810,1.15,-2.95,2.05,1.3,1.03,0.61,1.57%
198811,-2.29,-1.65,1.41,-0.28,1.62,0.57,0.94%
198812,1.49,2.01,-1.69,0.69,-0.38,0.63,-1.31%
198901,6.1,-2.31,0.6,-0.95,0.14,0.55,0.74%
198902,-2.25,2.71,1.01,-0.87,1.81,0.61,0.77%
198903,1.57,0.68,0.58,0.05,0.72,0.67,-0.67%
198904,4.33,-0.78,-1.42,0.71,-0.57,0.67,-2.18%
198905,3.35,-0.01,-0.88,0.49,-0.08,0.79,-1.82%
198906,-1.35,-1.09,2.25,0.27,1.56,0.71,3.14%
198907,7.2,-4.15,-2.79,1.98,-0.58,0.7,-3.32%
198908,1.44,0.48,0.6,0.39,-0.58,0.74,0.51%
198909,-0.76,0.49,-1.27,1.4,0.5,0.65,-2.10%
198910,-3.67,-3.3,-1.11,0.11,-0.04,0.68,-1.66%
198911,1.03,-1.29,-1.09,-0.86,1.41,0.69,-1.78%
198912,1.16,-2.27,0.16,-0.07,1.42,0.61,-0.48%
199001,-7.85,-1.31,0.85,-1.17,1.35,0.57,1.65%
199002,1.11,1.17,0.64,-0.03,-0.66,0.57,-0.89%
199003,1.83,1.62,-2.92,2.04,-1.02,0.64,-3.24%
199004,-3.36,-0.33,-2.59,1.78,-0.98,0.69,-3.59%
199005,8.42,-2.35,-3.83,1.57,-1.68,0.68,-4.35%
199006,-1.09,1.35,-1.93,-1.03,-0.39,0.63,-1.94%
199007,-1.9,-3.16,-0.03,-0.18,3.21,0.68,-0.31%
199008,-10.15,-3.87,1.64,-0.35,2.96,0.66,1.11%
199009,-6.12,-3.74,0.64,0.06,3.67,0.6,-1.64%
199010,-1.92,-5.12,0.1,2.97,-0.3,0.68,-3.41%
199011,6.35,0.07,-3.1,0.65,-4.74,0.57,-0.22%
199012,2.46,0.67,-1.7,2.73,-1.89,0.6,-1.56%
199101,4.69,3.91,-1.6,1.28,-3.99,0.52,1.13%
199102,7.19,3.94,-0.58,-0.2,-0.33,0.48,2.99%
199103,2.65,3.83,-1.39,-0.53,-1.06,0.44,-1.00%
199104,-0.28,0.31,1.5,0.62,0.74,0.53,0.85%
199105,3.65,0.14,-0.52,2,-2.43,0.47,-0.64%
199106,-4.94,0.24,1.15,1.79,0.65,0.42,1.42%
199107,4.24,-0.96,-1.32,1.6,-1.36,0.49,-2.36%
199108,2.32,1.4,-0.78,0.84,-0.34,0.46,-1.73%
199109,-1.59,1.56,-1.08,-1.82,0.08,0.46,-0.41%
199110,1.29,0.91,-0.47,-1.7,-0.23,0.42,-0.67%
199111,-4.19,-0.83,-1.89,1.11,0.01,0.39,-1.23%
199112,10.84,-2.4,-4.17,3.55,-3.12,0.38,-7.18%
199201,-0.59,9.18,4.71,-1.32,3.2,0.34,4.48%
199202,1.09,1.33,6.47,0.08,2.19,0.28,3.28%
199203,-2.66,-0.93,3.56,-0.01,1.95,0.34,2.98%
199204,1.07,-5.7,4.34,1.69,2.23,0.32,5.39%
199205,0.3,0.21,1.19,-0.95,0.48,0.28,1.67%
199206,-2.34,-2.73,3.24,-0.05,1.01,0.32,3.01%
199207,3.77,-0.62,-0.56,1.3,-0.91,0.31,-0.66%
199208,-2.38,-0.42,-1.1,3.72,-1.65,0.26,-0.91%
199209,1.19,0.48,-0.26,1.64,-0.59,0.26,-1.21%
199210,1.02,2.07,-1.98,1.24,-0.79,0.23,-3.49%
199211,4.13,3.94,-1.35,-0.68,-1.59,0.23,-2.47%
199212,1.53,1.68,2.62,-0.48,0.84,0.28,0.73%
199301,0.93,1.93,5.94,-1.84,2.91,0.23,4.04%
199302,0.12,-3.45,6.42,-0.42,4.13,0.22,7.29%
199303,2.3,0.09,1.18,-0.15,0.9,0.25,0.38%
199304,-3.05,-0.85,2.49,-3.61,1.38,0.24,3.46%
199305,2.89,1.9,-3.42,-0.12,-1.04,0.22,-2.33%
199306,0.31,0.13,2.75,-0.92,1.21,0.25,1.52%
199307,-0.34,0.95,2.85,-1.87,2.06,0.24,2.78%
199308,3.71,0.1,0.13,-1.54,-0.04,0.25,-0.69%
199309,-0.12,2.98,-0.31,0.24,-0.16,0.26,-0.76%
199310,1.41,1.89,-2.76,0.57,0.6,0.22,-0.02%
199311,-1.89,-1.27,-0.74,2.23,-0.94,0.25,1.47%
199312,1.65,1.4,0.32,1.16,-0.34,0.23,0.49%
199401,2.87,-0.06,1.15,-1.66,1.43,0.25,2.24%
199402,-2.55,2.67,-1.54,2.14,-1,0.21,-1.39%
199403,-4.78,-1.04,1.6,0.69,1.28,0.27,1.88%
199404,0.68,-1.01,1.66,1.07,1.11,0.27,1.62%
199405,0.58,-2.56,0.67,0.6,0.68,0.31,0.92%
199406,-3.03,-0.5,1.67,1.21,1.47,0.31,1.95%
199407,2.82,-1.85,0.58,-0.65,0.14,0.28,1.86%
199408,4.01,1.37,-2.51,0.95,-1.47,0.37,-2.52%
199409,-2.31,2.8,-1.89,0.52,0.93,0.37,-2.11%
199410,1.34,-2.3,-1.62,0.23,-0.68,0.38,-2.14%
199411,-4.04,0.07,-0.7,0.42,-0.5,0.37,-0.03%
199412,0.86,0,-0.13,0.37,0.38,0.44,0.18%
199501,1.8,-3.06,2.57,0.17,-0.75,0.42,2.09%
199502,3.63,-0.54,1.08,0.59,-0.33,0.4,0.87%
199503,2.19,-0.51,-2.15,-0.17,0.22,0.46,-1.95%
199504,2.11,-0.22,1.71,0.41,0.9,0.44,1.40%
199505,2.9,-2.19,2.29,0.39,0.04,0.54,1.30%
199506,2.72,3.06,-2.54,-0.33,-2.44,0.47,-3.61%
199507,3.72,2.09,-1.62,0.3,-1.65,0.45,-2.73%
199508,0.55,1.75,2.79,-1.24,1.62,0.47,1.46%
199509,3.35,-1.88,-0.04,1.03,0.36,0.43,-1.12%
199510,-1.52,-4.04,-0.5,1.91,-0.05,0.47,-0.70%
199511,3.96,-1.07,0.51,-0.62,1.12,0.42,-0.36%
199512,1.03,0.72,0.22,-1.37,3.1,0.49,0.52%
199601,2.26,-2.56,0.38,0.18,2.31,0.43,0.60%
199602,1.33,1.77,-1.08,0.24,-1.9,0.39,-2.45%
199603,0.73,1.61,0.35,1.42,-0.95,0.39,1.83%
199604,2.06,4.71,-4.02,-0.14,-2.11,0.46,-3.06%
199605,2.36,3.21,-0.83,0.12,-0.3,0.42,-2.40%
199606,-1.14,-3.65,2.35,3.51,1.22,0.4,2.68%
199607,-5.97,-3.81,5.14,2.95,2.6,0.45,4.04%
199608,2.77,2.57,-0.74,-0.37,-2.42,0.41,-1.20%
199609,5.01,-1.39,-2.72,1.27,-2.22,0.44,-4.27%
199610,0.86,-3.77,4.94,1.4,3.25,0.42,3.12%
199611,6.25,-3.8,1.39,2.12,-0.79,0.41,0.92%
199612,-1.7,3.25,1.31,0.37,1.49,0.46,1.25%
199701,4.99,-1.82,-1.42,1.19,-0.02,0.45,-2.53%
199702,-0.49,-2.59,5.67,0.67,3.47,0.39,4.15%
199703,-5.03,-0.43,3.39,0.5,1.66,0.43,3.28%
199704,4.04,-5.7,0.07,3.26,-0.72,0.43,-2.13%
199705,6.74,4.75,-4.13,-1.02,-2.96,0.49,-2.73%
199706,4.1,1.19,1.58,0.56,0.66,0.37,-0.77%
199707,7.33,-2.76,0.26,0.07,-2.58,0.43,-0.80%
199708,-4.15,7.61,1.18,-1.11,-0.04,0.41,0.94%
199709,5.35,2.49,0.37,-1.63,-0.91,0.44,-1.01%
199710,-3.8,-0.52,2.27,1,1.94,0.42,1.71%
199711,2.98,-5.11,1.2,2.81,1.84,0.39,-0.15%
199712,1.32,-2.03,3.84,0.74,1.92,0.48,1.88%
199801,0.15,-1.36,-1.63,0.87,-0.73,0.43,-0.60%
199802,7.04,0.2,-0.85,-0.31,-2.54,0.39,-0.91%
199803,4.76,-0.65,1.39,-0.26,-0.37,0.39,0.49%
199804,0.73,0,0.94,-1.69,-0.36,0.43,0.23%
199805,-3.07,-2.95,3.44,1.1,2.61,0.4,2.67%
199806,3.18,-3.66,-1.96,-0.26,-2.97,0.41,-4.74%
199807,-2.46,-5.27,-1.78,1.74,0.45,0.4,-2.23%
199808,-16.08,-5.17,3.53,3.37,5.91,0.43,4.38%
199809,6.15,-0.78,-3.42,-1.88,-2.99,0.46,-1.29%
199810,7.13,-3.43,-2.23,0.93,0.31,0.32,-0.91%
199811,6.1,0.75,-3.25,-0.86,-1.18,0.31,-3.44%
199812,6.16,-1.56,-4.19,-0.76,-3.39,0.38,-7.08%
199901,3.5,-0.75,-4.6,-2.77,-6.8,0.35,-3.65%
199902,-4.08,-5.22,1.92,-1.23,4.1,0.35,0.66%
199903,3.45,-4.23,-2.74,-4.07,-1.42,0.43,0.09%
199904,4.33,4.52,2.46,-2.53,0.89,0.37,8.35%
199905,-2.46,3.71,2.35,0.93,3.34,0.34,3.49%
199906,4.77,2.29,-3.19,1.13,-3.21,0.4,-4.77%
199907,-3.49,2.57,-0.44,0.36,3.22,0.38,-0.57%
199908,-1.38,-1.73,-1.87,-0.24,0.64,0.39,-1.60%
199909,-2.79,2.59,-3.49,-0.75,-1.23,0.39,-5.30%
199910,6.12,-6.91,-3.37,-1.74,-1.19,0.39,-4.65%
199911,3.37,5.8,-6.12,-4.28,-1.74,0.36,-9.24%
199912,7.72,5.39,-8.33,-7.6,-5.63,0.44,-9.28%
200001,-4.74,4.42,-1.88,-6.29,4.72,0.41,-0.89%
200002,2.45,18.28,-9.59,-18.65,-0.48,0.43,-17.99%
200003,5.2,-15.32,8.13,11.79,-1.59,0.47,5.59%
200004,-6.4,-5.01,7.26,7.66,5.65,0.46,10.74%
200005,-4.42,-3.81,4.75,4.13,1.37,0.5,5.66%
200006,4.64,9.92,-8.42,-8.31,-2.95,0.4,-14.05%
200007,-2.51,-1.03,8.31,5.83,2.94,0.48,6.63%
200008,7.03,-1.03,-1.39,-3.22,1.1,0.5,-3.17%
200009,-5.45,0.19,7.17,2.56,5.53,0.51,4.41%
200010,-2.76,-2.65,5.71,9.61,3.8,0.56,3.08%
200011,-10.72,-0.58,12.3,13.07,8.43,0.51,6.52%
200012,1.19,3.26,7.61,1.71,4.79,0.5,2.12%
200101,3.13,5.48,-5.07,-4.69,-5.03,0.54,12.96%
200102,-10.05,2.83,12.47,9.1,9.07,0.38,10.81%
200103,-7.26,2.33,6.42,3.35,3.92,0.42,4.00%
200104,7.94,-0.86,-4.67,-3.06,-3.2,0.39,-5.43%
200105,0.72,3.6,3.36,0.25,1.91,0.32,2.96%
200106,-1.94,6.57,-1.12,1.6,-1.51,0.28,-1.30%
200107,-2.13,-2.82,5.21,7.42,3.07,0.3,1.66%
200108,-6.46,2.71,2.31,4.05,6.57,0.31,0.81%
200109,-9.25,-5.73,1.45,4.99,3.21,0.28,-3.49%
200110,2.46,5.27,-7.65,-2.98,-4.55,0.22,-0.59%
200111,7.54,-0.31,2.21,-3.73,-1.61,0.17,3.76%
200112,1.6,5.16,0.84,0.34,-0.26,0.15,1.86%
200201,-1.44,1.26,3.44,4.69,2.84,0.14,0.01%
200202,-2.29,-0.36,2.16,8.07,5.11,0.13,0.49%
200203,4.24,4.25,1.06,-1.78,0.58,0.13,2.51%
200204,-5.2,6.72,3.88,4.56,5.38,0.15,1.94%
200205,-1.38,-3.02,1.53,2.36,2.44,0.14,0.16%
200206,-7.21,3.89,-0.05,3.93,2.51,0.13,-2.15%
200207,-8.18,-6.43,-3.85,3.79,-0.99,0.15,-4.14%
200208,0.5,-1.31,3.28,1.36,-1.47,0.14,0.57%
200209,-10.35,3.08,1.47,3.29,-2.19,0.14,-4.71%
200210,7.84,-4.31,-3.95,-3.39,0.76,0.14,1.79%
200211,5.96,2.91,-1.23,-9.2,5.15,0.12,11.37%
200212,-5.76,0.62,2.14,6.29,-1.68,0.11,-0.54%
200301,-2.57,0.7,-0.83,-0.99,0.69,0.1,0.50%
200302,-1.88,-0.93,-1.39,0.83,-0.62,0.09,-3.06%
200303,1.09,0.65,-1.93,1.87,-0.77,0.1,-1.93%
200304,8.22,1.02,1.14,-4.68,1.06,0.1,6.35%
200305,6.05,4.81,0.4,-7,2.91,0.09,7.06%
200306,1.42,1.66,0.11,0.51,-0.38,0.1,1.58%
200307,2.35,4.54,-1.24,-4.14,1.78,0.07,-1.95%
200308,2.34,2.48,1.53,-2.25,2.14,0.07,1.57%
200309,-1.24,0.54,0.16,1.01,0.34,0.08,1.06%
200310,6.08,2.71,1.97,-1.35,1.55,0.07,0.66%
200311,1.35,2.33,1.78,0.19,1.81,0.07,1.03%
200312,4.29,-2.49,1.6,0.56,0.94,0.08,5.39%
200401,2.15,2.45,2.49,-3.66,3.38,0.07,0.23%
200402,1.4,-0.93,0.9,2.17,-1.21,0.06,0.90%
200403,-1.32,2.1,0.27,1.56,-0.98,0.09,0.64%
200404,-1.83,-2.01,-3.1,3.45,-2.84,0.08,1.07%
200405,1.17,-0.38,-0.25,-1.18,0.03,0.06,-1.15%
200406,1.86,2.56,1.18,1.2,-0.39,0.08,2.31%
200407,-4.06,-2.95,3.24,5.32,-1.66,0.1,3.50%
200408,0.08,-1.13,0.97,1.23,-1.47,0.11,0.84%
200409,1.6,3.27,0,-1.49,-1.88,0.11,-0.78%
200410,1.43,0.19,-0.22,-0.52,0.49,0.11,0.07%
200411,4.54,4.11,1.41,-0.58,-0.22,0.15,2.01%
200412,3.43,-0.05,-0.22,-1.16,0.46,0.16,1.06%
200501,-2.76,-1.17,2.06,2.74,-1.46,0.16,0.19%
200502,1.89,-0.31,1.54,1.43,-0.05,0.16,0.69%
200503,-1.97,-1.42,2.04,0.47,1.29,0.21,2.09%
200504,-2.61,-3.98,0.07,0.97,-0.94,0.21,-0.95%
200505,3.65,2.79,-0.64,-1,0.3,0.24,-0.63%
200506,0.57,3.28,2.83,0.96,-0.51,0.23,1.42%
200507,3.92,2.81,-0.79,-1.19,-0.82,0.24,-0.33%
200508,-1.22,-0.89,1.32,-2.05,0.37,0.3,0.19%
200509,0.49,-0.34,0.71,0.27,-0.6,0.29,-0.54%
200510,-2.02,-1.45,0.42,-0.93,-1.3,0.27,-0.25%
200511,3.61,0.84,-1.16,-0.76,-1.14,0.31,-0.50%
200512,-0.25,-0.2,0.2,0.21,0.23,0.32,0.46%
200601,3.04,5.75,1.08,-0.64,-0.46,0.35,-0.99%
200602,-0.3,-0.42,-0.34,-0.51,1.91,0.34,1.02%
200603,1.46,3.38,0.6,0.06,-0.41,0.37,-0.82%
200604,0.73,-0.84,2.34,1.8,0.01,0.36,1.30%
200605,-3.57,-2.85,2.41,1.15,1.46,0.43,2.56%
200606,-0.35,-0.24,0.85,1.32,-0.07,0.4,0.25%
200607,-0.78,-3.63,2.6,1.63,0.9,0.4,2.33%
200608,2.03,0.44,-2.06,-1.86,2.09,0.42,-0.50%
200609,1.84,-1.46,0.08,0.82,0.6,0.41,0.52%
200610,3.23,1.98,-0.31,-0.12,0.28,0.41,0.28%
200611,1.71,0.71,0.14,0.15,-0.8,0.42,0.05%
200612,0.87,-0.81,2.73,-0.72,2.06,0.4,2.49%
200701,1.4,0.07,-0.68,0.25,0.38,0.44,-0.33%
200702,-1.96,1.29,-0.14,-0.51,-0.71,0.38,0.50%
200703,0.68,0.2,-0.97,0.64,-0.65,0.43,-0.59%
200704,3.49,-2.04,-1.45,1.15,1.03,0.44,-0.69%
200705,3.24,0.4,-0.65,1.58,-1.36,0.41,0.05%
200706,-1.96,0.74,-1.05,0.53,0.08,0.4,-1.18%
200707,-3.73,-2.99,-3.71,0.2,-1.13,0.4,-4.46%
200708,0.92,-0.37,-1.86,-1.21,-0.53,0.42,-1.75%
200709,3.22,-2.44,-2.21,-0.52,-3.02,0.32,-2.82%
200710,1.8,-0.08,-2.98,-0.3,-0.09,0.32,-5.17%
200711,-4.83,-3.02,-0.94,1.89,-0.29,0.34,-1.76%
200712,-0.87,0.15,-0.55,0.87,-1.05,0.27,-2.24%
200801,-6.36,-0.65,3.97,2.14,2.14,0.21,7.96%
200802,-3.09,-0.66,-0.84,0.88,-0.93,0.13,-4.30%
200803,-0.93,0.56,0.3,0.79,0.5,0.17,-0.97%
200804,4.6,-1.2,-0.94,1.64,-2.47,0.18,-0.85%
200805,1.86,3.02,-1.43,0.93,-0.06,0.18,-5.26%
200806,-8.44,1.18,-2.71,4.96,-0.55,0.17,-9.08%
200807,-0.77,3.72,5.42,-1.37,1.08,0.15,4.54%
200808,1.53,3.46,1.59,1.86,0.84,0.13,3.72%
200809,-9.24,0.25,5.91,2.41,1.78,0.15,1.81%
200810,-17.23,-3.34,-2.3,3.04,2.05,0.08,-6.01%
200811,-7.86,-3.89,-6.31,4.53,2.75,0.03,-7.64%
200812,1.74,3.29,0.14,0.06,-1.49,0,5.37%
200901,-8.12,-2.14,-11.29,0.18,-1.17,0,-5.37%
200902,-10.1,-1.32,-6.95,1.19,-1.02,0.01,-9.14%
200903,8.95,0.67,3.47,-2.52,-2.25,0.02,7.65%
200904,10.18,7.13,5.36,1.31,0.13,0.01,26.86%
200905,5.21,-2.32,0.28,-0.78,-2.17,0,6.10%
200906,0.43,2.29,-2.73,-1.41,-0.33,0.01,-2.09%
200907,7.72,2.39,4.83,-0.46,3.14,0.01,6.01%
200908,3.33,-0.09,7.63,-3.02,3.34,0.01,7.93%
200909,4.08,2.73,1.05,1.31,0.36,0.01,1.83%
200910,-2.59,-4.93,-4.21,4.17,-1.51,0,-1.65%
200911,5.56,-2.68,-0.34,1,0.12,0,-0.66%
200912,2.75,6.24,-0.17,1.02,-0.09,0.01,0.07%
201001,-3.36,0.34,0.43,-1.27,0.46,0,3.28%
201002,3.4,1.51,3.23,-0.27,1.43,0,0.82%
201003,6.31,1.85,2.21,-0.65,1.69,0.01,2.06%
201004,2,4.98,2.89,0.69,1.72,0.01,2.73%
201005,-7.89,0.04,-2.44,1.3,-0.21,0.01,-1.71%
201006,-5.57,-2.47,-4.7,-0.16,-1.55,0.01,-2.57%
201007,6.93,0.12,-0.31,0.24,2.01,0.01,1.94%
201008,-4.77,-3.15,-1.9,0.53,-1.59,0.01,-1.50%
201009,9.54,3.75,-3.16,-0.21,0.38,0.01,-1.39%
201010,3.88,0.8,-2.43,1.19,-0.26,0.01,-1.86%
201011,0.6,3.67,-0.96,0.45,1.59,0.01,-1.14%
201012,6.82,1.03,3.7,-3.44,3.16,0.01,3.79%
201101,1.99,-2.43,0.83,-0.76,0.83,0.01,1.08%
201102,3.49,1.65,1.27,-1.94,0.88,0.01,0.19%
201103,0.46,2.62,-1.83,1.76,-0.03,0.01,-1.59%
201104,2.9,-0.55,-2.43,1.01,-0.8,0,-1.67%
201105,-1.27,-0.63,-2.12,2.08,-1.59,0,-1.03%
201106,-1.75,0.16,-0.42,2.49,-1.53,0,-1.01%
201107,-2.35,-1.2,-0.9,2.68,-1.81,0,-1.78%
201108,-5.99,-3.2,-2.36,3.3,-0.38,0.01,-2.15%
201109,-7.59,-3.66,-1.72,2.04,0.24,0,-1.99%
201110,11.35,3.46,0.1,-2.16,-0.86,0,2.21%
201111,-0.28,-0.28,-0.46,1.86,1.49,0,-1.24%
201112,0.74,-0.33,1.63,0.98,2.52,0,1.48%
201201,5.05,2.06,-0.97,-2.01,-1.43,0,0.95%
201202,4.42,-1.71,0.43,-0.48,-0.01,0,0.67%
201203,3.11,-0.47,1.14,-0.54,0.74,0,-0.33%
201204,-0.85,-0.55,-0.78,1.3,0.65,0,-1.58%
201205,-6.19,-0.12,-1.07,2.08,2.31,0.01,-1.33%
201206,3.89,0.84,0.62,-1.09,0.46,0,0.43%
201207,0.79,-2.78,-0.02,1.1,0.05,0,-0.66%
201208,2.55,0.44,1.3,-1.33,-0.84,0.01,1.22%
201209,2.73,0.61,1.6,-1.49,1.55,0.01,1.25%
201210,-1.76,-0.89,3.59,-1.34,2.5,0.01,3.23%
201211,0.78,0.46,-0.84,0.6,0.84,0.01,-0.94%
201212,1.18,1.89,3.51,-1.85,0.91,0.01,2.85%
201301,5.57,0.48,0.96,-1.93,1.41,0,1.15%
201302,1.29,-0.25,0.11,-0.67,0.52,0,-0.10%
201303,4.03,0.85,-0.19,0.14,1.38,0,-0.26%
201304,1.55,-2.25,0.45,0.27,0.37,0,-0.16%
201305,2.8,2.06,2.63,-1.97,-0.87,0,1.29%
201306,-1.2,1.57,0.03,-0.38,0,0,0.06%
201307,5.65,1.81,0.57,-1.35,0.51,0,0.67%
201308,-2.71,-0.06,-2.69,0.66,-2.16,0,-0.90%
201309,3.77,2.63,-1.22,-0.58,-1.36,0,-1.40%
201310,4.18,-1.48,1.25,2.78,0.87,0,0.72%
201311,3.13,1.41,0.32,0.14,0.04,0,-0.52%
201312,2.81,-0.45,-0.02,-0.46,0.09,0,-0.51%
201401,-3.32,0.58,-2.07,-3.88,-1.42,0,-0.90%
201402,4.65,0.14,-0.31,-0.23,-0.45,0,-0.95%
201403,0.43,-1.09,4.93,2.13,1.92,0,3.44%
201404,-0.19,-4.12,1.17,3.48,1.02,0,2.43%
201405,2.06,-1.89,-0.13,0.05,-1,0,-0.44%
201406,2.61,3.11,-0.7,-1.89,-2,0,-0.26%
201407,-2.04,-4.29,0.03,0.89,0.52,0,0.20%
201408,4.24,0.31,-0.45,-0.64,-0.7,0,-0.99%
201409,-1.97,-3.72,-1.34,1.3,-0.51,0,-2.50%
201410,2.52,3.73,-1.81,-0.57,-0.11,0,-2.42%
201411,2.55,-2.28,-3.09,1.5,0.27,0,-3.03%
201412,-0.06,2.86,2.27,-1.22,0.96,0,-0.03%
201501,-3.11,-0.92,-3.58,1.61,-1.65,0,-3.91%
201502,6.13,0.32,-1.86,-1.12,-1.82,0,-0.20%
201503,-1.12,3.07,-0.37,0.09,-0.52,0,-2.26%
201504,0.59,-3.09,1.82,0.06,-0.61,0,4.40%
201505,1.36,0.83,-1.14,-1.79,-0.74,0,-3.43%
201506,-1.53,2.9,-0.79,0.44,-1.58,0,-2.43%
201507,1.54,-4.55,-4.13,0.3,-2.41,0,-5.72%
201508,-6.04,0.25,2.77,0.68,1.19,0,1.97%
201509,-3.07,-2.79,0.56,1.77,-0.58,0,-2.54%
201510,7.75,-2.07,-0.46,0.88,0.52,0,0.51%
201511,0.56,3.31,-0.42,-2.75,-0.99,0,-2.65%
201512,-2.17,-2.99,-2.61,0.5,-0.02,0.01,-3.51%
201601,-5.77,-3.47,2.09,2.82,3.08,0.01,-0.63%
201602,-0.07,0.88,-0.57,3.25,2.02,0.02,2.21%
201603,6.96,1.07,1.19,0.77,-0.08,0.02,7.13%
201604,0.91,1.23,3.28,-2.97,1.9,0.01,8.55%
201605,1.78,-0.61,-1.66,-1.09,-2.48,0.01,-3.70%
201606,-0.05,0.45,-1.48,1.4,1.94,0.02,-0.64%
201607,3.95,2.48,-1.32,1.26,-1.18,0.02,-1.86%
201608,0.49,1.68,3.18,-1.85,-0.34,0.02,1.38%
201609,0.25,1.85,-1.24,-2.21,0.03,0.02,-0.33%
201610,-2.02,-4.02,4.09,0.93,0.28,0.02,2.65%
201611,4.86,7.07,8.21,-0.18,3.7,0.01,5.22%
201612,1.81,0.41,3.53,1.22,-0.23,0.03,2.79%
201701,1.94,-1.46,-2.75,-0.49,-0.99,0.04,-0.55%
201702,3.57,-2.22,-1.67,0.47,-1.83,0.04,-1.74%
201703,0.17,0.74,-3.35,0.61,-0.94,0.03,-2.60%
201704,1.09,0.48,-2.13,1.9,-1.6,0.05,-2.59%
201705,1.06,-3.06,-3.78,0.95,-1.79,0.06,-4.78%
201706,0.78,2.58,1.48,-2.22,0,0.06,1.71%
201707,1.87,-1.69,-0.31,-0.64,-0.2,0.07,-0.22%
201708,0.16,-1.82,-2.09,0.14,-2.38,0.09,-2.71%
201709,2.51,4.78,3.14,-1.47,1.69,0.09,2.23%
201710,2.25,-1.94,0.2,0.93,-3.25,0.09,-2.48%
201711,3.12,-0.33,-0.03,3.16,-0.05,0.08,-0.12%
201712,1.06,-1.07,0.06,0.74,1.69,0.09,1.67%
201801,5.57,-3.18,-1.29,-0.76,-0.96,0.12,-2.66%
201802,-3.65,0.32,-1.04,0.52,-2.37,0.11,-3.19%
201803,-2.35,3.59,-0.21,-0.46,0.01,0.11,0.86%
201804,0.28,0.93,0.54,-2.42,1.3,0.14,2.15%
201805,2.65,4.73,-3.2,-2.04,-1.5,0.14,-3.27%
201806,0.48,0.8,-2.34,0.79,0.24,0.14,0.21%
201807,3.19,-1.93,0.47,1.56,0.35,0.16,0.25%
201808,3.44,0.64,-3.94,-0.31,-2.7,0.16,-4.81%
201809,0.06,-2.48,-1.7,0.63,1.29,0.15,-0.13%
201810,-7.68,-4.46,3.4,0.94,3.59,0.19,3.35%
201811,1.69,-0.77,0.3,-0.55,0.39,0.18,-1.41%
201812,-9.57,-2.88,-1.84,-0.02,0.21,0.2,-2.51%
201901,8.4,3.03,-0.46,-0.8,-1.51,0.21,3.03%
201902,3.4,1.74,-2.67,0.12,-1.59,0.18,-2.83%
201903,1.1,-3.51,-4.17,0.9,-0.95,0.19,-2.55%
201904,3.97,-1.17,2.15,1.61,-2.22,0.21,0.65%
201905,-6.94,-1.59,-2.37,-0.46,1.77,0.21,-3.89%
201906,6.93,0.37,-0.71,0.9,-0.44,0.18,-0.25%
201907,1.19,-1.78,0.48,-0.08,0.36,0.19,-1.01%
201908,-2.58,-3.24,-4.78,0.56,-0.68,0.16,-5.21%
201909,1.43,0.27,6.75,1.84,3.37,0.18,5.96%
201910,2.06,0.26,-1.91,0.44,-0.96,0.16,-2.45%
201911,3.87,0.44,-2.02,-1.59,-1.24,0.12,-1.81%
201912,2.77,0.97,1.75,0.01,1.24,0.14,3.39%
202001,-0.11,-4.38,-6.25,-1.17,-2.32,0.13,-8.40%
202002,-8.13,0.04,-3.81,-1.47,-2.51,0.12,-3.06%
202003,-13.39,-8.28,-13.87,-1.57,1.24,0.13,-14.50%
202004,13.65,2.56,-1.33,2.72,-1,0,10.46%
202005,5.58,1.97,-4.88,0.95,-3.26,0.01,-3.64%
202006,2.46,1.96,-2.2,0.09,0.54,0.01,-0.31%
202007,5.77,-3.2,-1.41,0.41,1.02,0.01,-4.91%
202008,7.63,-0.89,-2.97,4.28,-1.19,0.01,-0.28%
202009,-3.63,0.01,-2.71,-1.36,-1.85,0.01,-3.14%
202010,-2.1,4.64,4.25,-0.83,-0.78,0.01,3.12%
202011,12.47,7.11,2.09,-2.2,1.4,0.01,12.52%
202012,4.63,4.79,-1.51,-1.96,-0.12,0.01,-0.48%
202101,-0.03,6.94,3.01,-3.78,4.94,0.01,0.54%
202102,2.78,4.54,7.15,0.39,-1.94,0,10.15%
202103,3.08,-0.88,7.39,6.36,3.42,0,6.51%
202104,4.93,-3.16,-0.95,2.44,-2.7,0,0.14%
202105,0.29,1.22,7.09,2.45,3.04,0,6.64%
202106,2.75,-0.34,-7.87,-2.14,-0.94,0,-4.97%
202107,1.27,-4.61,-1.78,5.46,-0.52,0,-1.07%
202108,2.91,-0.68,-0.15,-0.28,-1.79,0,-1.09%
202109,-4.37,1.12,5.08,-1.96,2.1,0,5.44%
202110,6.65,-2.7,-0.49,1.66,-1.45,0,-1.58%
202111,-1.55,-1.77,-0.45,7.2,1.73,0,-2.06%
202112,3.1,-0.8,3.26,4.91,4.4,0.01,3.77%
202201,-6.25,-4.06,12.75,0.84,7.72,0,12.39%
202202,-2.29,2.92,3.08,-2.09,3.12,0,2.64%
202203,3.05,-2.17,-1.81,-1.53,3.14,0.01,-0.14%
202204,-9.46,-0.39,6.17,3.52,5.89,0.01,4.31%
202205,-0.34,-0.06,8.39,1.56,3.97,0.03,6.65%
202206,-8.43,1.3,-5.97,1.81,-4.69,0.06,-1.88%
202207,9.57,1.82,-4.05,0.82,-6.83,0.08,-3.50%
202208,-3.77,1.52,0.29,-4.75,1.29,0.19,-0.06%
202209,-9.35,-1.05,0.05,-1.51,-0.8,0.19,-2.78%
202210,7.83,1.89,8.01,3.34,6.64,0.23,4.97%
202211,4.6,-2.74,1.38,6.38,3.18,0.29,2.36%
202212,-6.41,-0.15,1.37,0.25,4.2,0.33,-0.47%
202301,6.65,4.41,-4.01,-2.44,-4.47,0.35,4.79%
202302,-2.58,0.66,-0.81,1.01,-1.33,0.34,-1.98%
202303,2.51,-6.94,-8.85,2.24,-2.37,0.36,-8.34%
202304,0.61,-2.56,-0.04,2.42,2.86,0.35,-0.23%
202305,0.35,-0.38,-7.72,-1.81,-7.22,0.36,-6.13%
202306,6.46,1.34,-0.26,2.18,-1.62,0.4,0.90%
202307,3.21,2.86,4.11,-0.57,0.57,0.45,4.39%
202308,-2.39,-3.65,-1.06,3.43,-2.37,0.45,-0.70%
202309,-5.24,-1.8,1.52,1.86,-0.83,0.43,1.57%
202310,-3.19,-4.04,0.19,2.46,-0.66,0.47,-0.27%
202311,8.84,-0.1,1.65,-3.89,-0.99,0.44,