date,RF,Mkt-RF,SMB,HML,RMW,CMA,UMD,IA,ROE,EG,MGMT,PERF,PEAD,FIN
196307,0.27,-0.39,-0.41,-0.97,0.68,-1.18,0.9,,,,-1.7134513,-1.3391583,,
196308,0.25,5.07,-0.8,1.8,0.36,-0.35,1.01,,,,0.41486202,2.09280905,,
196309,0.27,-1.57,-0.52,0.13,-0.71,0.29,0.19,,,,0.8398419,0.839391,,
196310,0.29,2.53,-1.39,-0.1,2.8,-2.01,3.12,,,,-0.3751353,4.72126459,,
196311,0.27,-0.85,-0.88,1.75,-0.51,2.24,-0.74,,,,-1.4158352,-2.0970503,,
196312,0.29,1.83,-2.1,-0.02,0.03,-0.07,1.75,,,,0.86580404,1.0100875,,
196401,0.3,2.24,0.13,1.48,0.17,1.47,0.86,,,,0.59015435,3.62689535,,
196402,0.26,1.54,0.28,2.81,-0.05,0.91,0.26,,,,1.14599752,1.79862145,,
196403,0.31,1.41,1.23,3.4,-2.21,3.22,0.75,,,,5.14204136,2.09586302,,
196404,0.29,0.1,-1.52,-0.67,-1.27,-1.08,-0.58,,,,-0.7969255,-0.0054514,,
196405,0.26,1.42,-0.63,1.86,-0.16,0.17,2.57,,,,0.85168601,1.92072685,,
196406,0.3,1.27,0.29,0.62,-0.28,-0.17,0.46,,,,-2.5273748,-1.2696653,,
196407,0.3,1.74,0.5,0.75,0.08,1.91,-0.35,,,,1.76631727,-1.2363787,,
196408,0.28,-1.44,0.41,0.08,0.12,0.35,-0.22,,,,-0.6919205,-0.8885346,,
196409,0.28,2.69,-0.34,1.7,-0.56,0.62,-0.41,,,,1.2957959,-0.1572033,,
196410,0.29,0.59,0.87,1.17,-0.43,0.47,0.08,,,,0.38297769,-0.6235726,,
196411,0.29,0,-0.15,-1.96,0.63,-0.26,1.03,,,,0.82386641,-0.0977306,,
196412,0.31,0.03,-0.69,-2.48,1.07,-1.5,-0.74,,,,-1.8551516,-0.0817293,,
196501,0.28,3.54,2.44,0.12,0.91,0.1,-1.44,,,,-0.7873157,0.31369812,,
196502,0.3,0.44,3.31,0.11,0.23,-0.68,0.32,,,,-0.4723771,0.84417244,,
196503,0.36,-1.34,2.12,1.03,-0.32,0.69,0.15,,,,-0.3277285,-0.5296635,,
196504,0.31,3.11,1.05,0.66,0.3,-2.2,2.63,,,,-2.1635266,3.06795807,,
196505,0.31,-0.77,0.1,-1.61,-0.45,0.53,0.6,,,,0.6467603,-0.6759593,,
196506,0.35,-5.51,-4.28,0.59,0.22,0.37,-3.13,,,,0.67774637,-2.0463959,,
196507,0.31,1.43,1.08,2.2,-1.37,0.03,4.1,,,,1.00587578,2.01716589,,
196508,0.33,2.73,2.71,-1,1.9,-0.74,2.58,,,,-0.4058196,2.8406925,,
196509,0.31,2.86,0.62,-0.13,-0.89,0.8,3.3,,,,-0.1827136,1.53960827,,
196510,0.31,2.6,3.47,1.56,1.17,-0.65,3.46,,,,0.6248313,2.41760881,,
196511,0.35,-0.03,5.19,0.15,-1.01,-0.94,4.45,,,,2.18510953,2.35100944,,
196512,0.33,1.01,2.66,2.03,-1.14,-0.53,0.12,,,,-0.1699998,1.75543744,,
196601,0.38,0.72,4.68,3.56,-2.82,-0.11,5.39,,,,1.20157629,3.36702891,,
196602,0.35,-1.21,4.71,0.33,-0.17,-1.49,4.57,,,,-1.1984092,4.02743322,,
196603,0.38,-2.51,0.32,-1.98,1.3,0.06,1.42,,,,0.72239862,0.40727445,,
196604,0.34,2.14,3.35,-0.46,0.39,-0.95,6.28,,,,-0.1997962,4.22938813,,
196605,0.41,-5.66,-5.1,-1.63,1.64,-1.52,-4.7,,,,2.16702593,-2.5724732,,
196606,0.38,-1.44,1.37,0.5,0.15,0.78,3.25,,,,-0.9041076,1.52900447,,
196607,0.35,-1.63,-0.41,0.95,-0.36,1.79,-1.34,,,,0.64057113,-1.1827742,,
196608,0.41,-7.91,-3.12,0.43,-0.09,0.8,-2.14,,,,2.30494197,0.44237897,,
196609,0.4,-1.06,-1.14,0.56,-1.68,2.37,-1.84,,,,3.21083926,-3.0067747,,
196610,0.45,3.86,-6.45,2.69,-3.48,4.25,-5.26,,,,4.26352802,-7.8954491,,
196611,0.4,1.4,3.34,-4.69,4.13,-6.62,5.72,,,,-8.7284657,6.95330572,,
196612,0.4,0.13,2.02,-1.19,0.7,-0.34,1.06,,,,-0.8119125,-1.5607411,,
196701,0.43,8.15,9.1,2.27,0.96,-3.16,-6.93,-2.9263,1.8813,-2.5511,-3.933249,-1.5146181,,
196702,0.36,0.78,3.06,-2.22,1.99,-0.99,3.52,-0.2915,3.5399,2.1792,-2.5244353,3.04940405,,
196703,0.39,3.99,1.87,0.37,0.86,-1.6,1.53,-1.6772,1.8417,-1.1192,-2.4660872,3.66972755,,
196704,0.32,3.89,0.43,-2.48,2.33,-3.67,0.59,-2.8972,1.0253,-1.6371,-3.3276878,2.74648836,,
196705,0.33,-4.33,2.29,1.09,-1.73,1.73,0.72,2.1864,0.6038,0.1191,0.29151407,0.33724072,,
196706,0.27,2.41,6.43,0.85,-0.62,-2.42,6,-2.0958,0.4116,-0.2834,-4.5810486,5.58351921,,
196707,0.31,4.58,3.54,2.73,0.48,2.7,-1.07,2.3351,-0.5943,-0.1601,1.96255891,1.72673354,,
196708,0.31,-0.89,0.72,1.44,0.3,1.45,-1.38,1.9161,-0.6134,0.063,1.20126928,-0.2280235,,
196709,0.32,3.11,2.44,-2.5,0.2,-0.95,2.52,-0.4057,0.7524,-0.9213,-2.0779956,6.17910037,,
196710,0.39,-3.09,0.53,-3.3,1.01,-2.62,3.67,-2.4302,3.2851,0.224,-3.0843828,3.60251029,,
196711,0.36,0.37,-0.04,-1.7,1.34,-2.34,1.26,-2.7632,0.6936,0.0395,-2.7282971,-0.0764382,,
196712,0.33,3.05,5.75,-0.53,-0.81,0.13,3.25,0.1486,0.7001,1.7035,-1.0229071,0.2429881,,
196801,0.4,-4.06,4.51,4.8,-4.62,6.46,-4.7,4.732,-2.922,0.9691,6.51137454,-4.8690204,,
196802,0.39,-3.75,-2.91,1.28,-0.16,2.45,-3.43,2.4577,-0.5038,2.9672,4.1906722,-1.6973124,,
196803,0.38,0.2,-1.59,-0.59,1.05,-1.1,3.23,-0.7337,1.9245,1.4344,-1.627229,4.47256034,,
196804,0.43,9.05,6.18,-1.13,2.69,-3.65,5.09,-2.6749,3.6776,-1.8747,-6.3620156,6.39484763,,
196805,0.45,2.28,7,0.85,0.43,-1.92,3.8,-2.2351,2.0131,-0.2809,-2.7187226,3.88670181,,
196806,0.43,0.69,-0.28,0.73,-1.41,2.76,-1.9,2.4165,-0.3072,0.0598,2.91473633,-4.9000501,,
196807,0.48,-2.72,-1.41,5.39,-3.13,3.72,-0.88,2.7389,-1.9663,3.6103,4.16191938,-2.6666346,,
196808,0.42,1.34,2.27,1.01,-0.7,0.48,1.89,0.643,-0.6662,1.5939,-0.285753,2.45056544,,
196809,0.43,4.03,2.81,0.3,-1.99,0.87,-0.65,-0.5693,-3.4099,-1.082,-0.1292692,0.42891016,,
196810,0.44,0.42,-0.42,2.86,-1.32,2.7,-1.46,2.6082,0.4414,2.4953,2.8148368,-1.1100995,,
196811,0.42,5.43,2.39,-0.92,0.43,-2.43,1.75,-1.3424,-0.4038,-0.9692,-3.700427,-1.931346,,
196812,0.43,-3.94,3.52,-0.01,-1.86,1.76,-0.01,2.651,-0.6141,-0.4851,1.96475489,-0.2084797,,
196901,0.53,-1.25,-0.44,1.67,-1.55,1.38,-0.17,1.2085,-0.1173,0.2955,1.9893355,-3.1644742,,
196902,0.46,-5.84,-4.16,0.91,2.07,0.83,-2.36,0.7873,0.9745,2.2835,3.44488026,2.19471254,,
196903,0.46,2.64,-0.45,-0.51,-1.43,-0.35,3.97,0.5026,2.0353,2.5602,0.93345396,5.1775165,,
196904,0.53,1.46,-0.8,-0.03,0.41,0.06,1.13,0.5287,2.0202,-0.1537,-0.5801616,1.6444423,,
196905,0.48,-0.1,-0.11,0.7,-0.95,1.39,1.7,1.5413,0.1962,0.2109,0.87223316,0.92983813,,
196906,0.51,-7.18,-5.45,-1.08,4.32,-1.6,-2.3,-0.6301,3.3315,2.5267,3.33992189,3.44223562,,
196907,0.53,-7,-3.41,1.2,1.48,1.91,1.71,1.9907,2.0776,3.6224,3.69250578,1.78972294,,
196908,0.5,4.68,0.7,-3.79,1.13,-4.02,2.17,-2.654,0.5167,-2.0271,-7.3864813,3.68272197,,
196909,0.62,-2.98,1.29,-3.27,3.39,-0.82,2.52,0.0431,1.7208,2.6463,2.69273732,3.56033885,,
196910,0.6,5.06,3.96,-3.16,0.05,-2.15,-4.31,-1.4818,-1.4493,-1.6776,-2.728483,-3.085977,,
196911,0.52,-3.79,-2.45,-1.19,1.46,0.3,3.66,0.2112,2.8535,2.3906,0.53347389,5.01478422,,
196912,0.64,-2.63,-3.76,-2.86,2.54,-1.81,4.96,-0.6363,3.463,1.7306,1.0300328,4.8490466,,
197001,0.6,-8.1,3.12,3.13,-1.72,3.84,0.6,3.8252,-0.741,3.52,6.40923561,0.60828808,,
197002,0.62,5.13,-2.76,3.93,-2.29,2.76,0.23,1.6171,-2.2721,-0.2221,1.14585394,-3.2495882,,
197003,0.57,-1.06,-2.41,3.99,-1,4.29,-0.36,3.3852,-0.9683,3.2222,7.52818694,-0.1944602,,
197004,0.5,-11,-6.4,6.18,-0.64,6.21,-0.77,5.2928,0.1614,5.757,8.31422042,2.52629205,,
197005,0.53,-6.92,-4.48,3.33,-1.21,3.9,-2.78,3.2098,0.1132,3.9522,5.4276255,-1.3962296,,
197006,0.58,-5.79,-2.2,0.6,0.13,2.96,5.7,3.6689,2.4483,4.3742,6.12622842,7.40040184,,
197007,0.52,6.93,-0.62,0.9,-0.26,1.84,-3.14,2.6318,-0.3288,-0.9592,-0.0283218,-3.9318616,,
197008,0.53,4.49,1.52,1.15,0.56,-0.21,-6.55,-0.8617,-3.2704,-2.1536,-0.5009271,-5.7006241,,
197009,0.54,4.18,8.51,-5.47,0.3,-5.83,-8.8,-4.5548,-1.3443,-5.5793,-7.8029601,-5.6553051,,
197010,0.46,-2.28,-4.43,0.22,1.71,2.34,9.42,2.9696,5.4758,4.1378,3.5312635,8.24681215,,
197011,0.46,4.6,-3.86,1.69,1.57,1.47,2.73,1.0459,1.0649,2.3885,2.48796567,-0.7198038,,
197012,0.42,5.72,2.94,1,0.27,0.3,-2.23,0.4188,-1.469,-0.3391,-0.5564022,-2.0173632,,
197101,0.38,4.84,7.54,1.33,-1.99,0.07,-6.51,-0.3554,-4.3275,-3.3915,-2.2048003,-6.8367652,,
197102,0.33,1.41,2.04,-1.23,0.62,-0.7,0.79,0.5393,2.4506,0.8035,0.12207091,1.8808382,,
197103,0.3,4.13,2.26,-3.95,1.82,-2.71,-1.41,-2.0113,1.9334,-0.2298,-2.6292006,1.59006696,,
197104,0.28,3.15,-0.36,0.69,-1.47,0.87,1.41,1.2726,-1.2082,-0.9662,0.51491367,3.30299086,,
197105,0.29,-3.98,-1.11,-1.44,1.4,0.25,0.86,0.8992,1.4113,0.9227,-0.7348721,2.89053615,,
197106,0.37,-0.1,-1.48,-1.87,1.53,-1.64,2.73,-0.6543,4.3498,2.268,-3.1152498,1.15240878,,
197107,0.4,-4.5,-1.39,0.02,0.64,1.46,-2.35,2.4409,2.6442,0.9187,1.57396611,-1.3146279,,
197108,0.47,3.79,-0.16,2.63,-0.43,2.64,3.61,1.6632,-3.3217,-0.0862,2.38023203,4.05451556,,
197109,0.37,-0.85,0.28,-2.91,2.56,-1.58,2.12,0.068,2.7583,1.2805,-0.8559284,2.9980726,,
197110,0.37,-4.42,-1.6,-0.48,1.62,-1.35,0.47,-0.6717,1.9473,2.207,0.00950957,-0.7404125,,
197111,0.37,-0.46,-2.86,-1.68,2.44,-0.34,1.51,-0.2867,1.4712,1.5536,1.19813315,1.32259088,,
197112,0.37,8.71,3.27,-0.4,-0.4,-1.75,-0.58,-2.01,-1.175,-1.4645,-3.8804638,-0.2756746,,
197201,0.29,2.49,6.1,2.24,-1.69,0.55,0.17,-0.0273,-6.8199,1.8662,0.39944148,1.81717749,,
197202,0.25,2.87,0.87,-2.79,1.61,-0.52,2.54,1.9924,1.0235,-0.435,-1.3132842,4.40182292,,
197203,0.27,0.63,-0.43,-1.61,1.63,-0.18,2.94,1.7616,2.1599,1.6356,0.49694698,0.88881217,,
197204,0.29,0.29,0.23,0.12,-0.42,-1.03,2.81,0.27,0.7183,0.2067,-1.4577047,1.06885824,,
197205,0.3,1.25,-3.1,-2.7,2.34,-1.95,3.29,-1.7459,1.8952,1.2866,-1.4133078,3.86654358,,
197206,0.29,-2.43,-0.43,-2.48,1.88,-0.36,1.9,-0.1612,3.4718,1.6544,0.62686088,2.33317838,,
197207,0.31,-0.8,-2.77,0.66,1.14,-0.66,2.75,-0.3931,2.1954,3.3015,3.22911278,0.74002203,0.73,1.98
197208,0.29,3.26,-3.48,4.54,-1.96,2.85,-5.4,3.6277,-1.443,0.8169,3.6460756,-5.2761202,-0.73,3.79
197209,0.34,-1.14,-2.23,0.46,1.68,-1.97,1.82,-1.0033,2.1667,0.4424,-0.3784876,1.74694173,-0.32,1.30
197210,0.4,0.52,-2.54,1.34,-0.15,0.02,0.71,-0.418,-0.5148,0.5797,0.59659607,-2.1573016,1.86,3.09
197211,0.37,4.6,-0.62,4.85,-1.95,3.37,-5.09,2.4945,-4.1021,0.6461,2.07977731,-4.7259515,1.85,0.31
197212,0.37,0.62,-1.89,-2.19,2.6,-2.16,4.92,-1.3273,3.0319,1.7622,0.20534275,5.1018089,1.70,-0.16
197301,0.44,-3.29,-2.81,2.68,0.42,0.9,3.73,0.3368,-0.571,3.444,3.15145759,1.89421735,-3.62,7.78
197302,0.41,-4.85,-3.91,1.6,-0.26,0.02,2.16,0.1236,-1.0831,1.6486,2.70937486,-0.2827273,1.42,4.19
197303,0.46,-1.3,-2.33,2.62,-1.07,0.62,3.59,0.6328,-1.8388,3.2647,3.792884,-0.360424,0.64,3.10
197304,0.52,-5.68,-2.9,5.41,-1.58,2.6,6.36,3.0786,-0.6049,4.1684,5.67847715,3.19875075,1.50,9.61
197305,0.51,-2.94,-6.17,0.41,1.95,-1.57,7.14,-0.5129,1.4353,1.5193,1.00815569,4.7221634,-0.01,1.51
197306,0.51,-1.57,-2.48,1.2,-0.21,0.11,4.3,0.4562,-0.0012,2.9751,3.17317278,1.73783308,2.62,4.60
197307,0.64,5.05,7.26,-5.31,-0.05,-3.28,-11.57,-5.6569,1.3051,-4.1545,-6.4247242,-4.2146427,-1.85,-11.36
197308,0.7,-3.82,-1.84,1.24,-1.31,1.3,3.46,1.7695,1.6194,1.4998,1.30222037,1.20419795,3.02,2.86
197309,0.68,4.75,3.6,2.01,-2.33,1.77,-7,2.0999,-1.6754,-1.5858,-0.7660261,-6.660871,1.18,-3.86
197310,0.65,-0.83,-0.38,1.94,-1.9,2.71,6.87,2.8796,0.8763,4.0331,4.06269331,2.44980177,2.46,4.53
197311,0.56,-12.75,-7.28,3.87,-2.63,1.73,8.66,2.3008,-0.7897,2.2419,7.17043946,2.02146653,4.50,8.84
197312,0.64,0.61,-4.69,3.85,-2.78,2.48,10.38,2.2193,3.3276,4.4647,1.36168542,0.3399942,4.88,6.69
197401,0.63,-0.17,10.41,6.02,-3.07,4.42,-8.85,2.3603,-4.4602,-0.4965,1.7618285,-5.6217762,-0.65,-2.56
197402,0.58,-0.47,0.06,2.81,-1.87,2.63,0.32,2.0538,-1.2343,1.4282,2.7529831,-1.1331405,-0.16,1.78
197403,0.56,-2.81,2.65,-0.32,2.8,0.44,-1.05,-0.0175,1.8657,1.07,0.90636338,1.55503522,0.78,1.32
197404,0.75,-5.29,-0.7,0.85,2.87,2.09,2.11,2.3712,2.2928,2.4687,3.87616242,3.56027776,2.02,2.81
197405,0.75,-4.68,-3.07,-2.02,4.95,-0.42,-0.39,-0.4303,2.2588,0.3093,-0.6414117,6.15078124,-0.61,2.26
197406,0.6,-2.83,0,0.77,0.57,2.94,2.31,1.5566,1.5503,2.0198,2.68092784,6.84531223,0.76,3.15
197407,0.7,-8.05,1.92,5.16,-3.25,4.6,3.11,4.5057,2.5255,5.6961,4.53925608,-3.6256556,1.44,7.24
197408,0.6,-9.35,0.26,2.64,-0.28,2.59,3,3.2553,2.8417,4.9746,3.95523413,0.74195426,2.83,2.35
197409,0.81,-11.77,1.48,5.58,-4.44,5.91,4.24,4.932,-2.2989,3.5397,6.32667255,-4.0643201,2.80,7.48
197410,0.51,16.1,-6.82,-9.87,-0.21,-2.86,-0.54,-1.487,8.8612,0.9698,-6.9389752,-0.609112,3.85,-9.25
197411,0.54,-4.51,-1.48,-0.2,-3.37,2.92,2.13,2.7406,1.7617,1.3955,2.19291367,-0.9292238,2.54,0.80
197412,0.7,-3.45,-4.35,0.11,-0.68,3.25,2.92,2.1538,0.422,1.9734,4.79797754,0.11079476,1.79,2.67
197501,0.58,13.66,12.91,8.28,-0.78,-0.9,-13.82,-0.7205,-11.6191,-5.4952,-0.1148158,-10.6821882,-5.74,0.99
197502,0.43,5.56,-0.65,-4.44,1.16,-2.1,-0.61,-1.7234,3.6003,0.574,-2.1976643,5.58510776,0.89,-2.21
197503,0.41,2.66,4,2.38,1.26,-1.33,-2.04,-0.5984,-1.767,-1.8094,-2.6375675,2.88898968,0.72,-2.01
197504,0.44,4.23,-0.71,-1.14,1.41,-1.34,1.38,-0.0936,3.3983,2.2158,-1.420845,3.21547756,2.03,-2.62
197505,0.44,5.19,2.89,-4.1,-0.98,-0.6,-0.58,-0.1525,-0.2663,0.0244,-2.9473612,0.68930716,-0.50,-3.33
197506,0.41,4.83,1.43,1.38,-2.66,1.06,0.04,0.3354,-1.6419,-0.6996,2.09197403,-4.0270554,-0.34,-1.40
197507,0.48,-6.59,3.44,1.69,0.46,1.22,0.42,1.4598,-1.4083,1.7789,1.7215783,-0.4703811,-0.10,1.61
197508,0.48,-2.85,-2.84,-0.95,1.11,-0.93,-0.1,-0.1403,0.6873,1.3673,1.13116825,1.82293158,0.11,4.37
197509,0.53,-4.26,0.05,0.39,0.53,0.55,0.41,1.3668,1.677,3.2839,0.54870129,2.83262109,2.66,1.03
197510,0.56,5.31,-4.23,0.28,-0.49,2.26,-0.16,3.1196,2.5741,2.5221,1.45786699,2.29303787,2.55,0.03
197511,0.41,2.64,-1.09,2.03,-0.68,1.75,-0.45,1.5571,0.6959,1.6136,1.20550792,1.02736053,3.14,2.51
197512,0.48,-1.6,-0.05,1.69,-0.09,0.57,-0.11,0.0111,-2.2596,0.4872,1.3991125,-2.9297861,-0.47,0.55
197601,0.47,12.16,6.34,8.63,-1.79,2.28,4.45,1.3805,-2.6249,0.941,2.70814131,1.09483915,0.78,4.09
197602,0.34,0.32,7.99,5.87,-2.64,3.87,0.38,2.2167,-3.6997,0.8386,4.29631469,-1.138485,0.62,2.00
197603,0.4,2.32,-1.38,-0.12,-0.33,0.96,0.15,1.7776,2.411,1.5931,0.55491213,0.36156725,-0.44,-0.89
197604,0.42,-1.49,0.08,-0.16,0.4,-1.1,0.59,-0.9555,-0.2693,-0.0135,-1.5288241,-0.7193092,0.83,2.57
197605,0.37,-1.34,-1.1,-1.36,2.46,-1.41,-1.12,-0.9846,0.4517,0.4205,0.1219152,-0.1621289,0.97,-0.68
197606,0.43,4.05,-1.07,0.71,-0.68,1.02,-0.42,1.3001,-0.0271,0.9209,0.47251594,-2.1722195,0.41,-0.31
197607,0.47,-1.07,0.63,1.73,-1.05,0.28,-0.13,0.8559,0.7259,1.63,1.94527554,-1.5126663,1.97,1.71
197608,0.42,-0.56,-1.98,0.81,-0.42,-0.55,-0.85,-0.5939,-0.0105,0.6296,0.91863733,0.01043644,0.08,0.64
197609,0.44,2.07,0.1,-0.29,0.98,-1.15,0.22,-1.4853,1.0646,0.9911,-0.2099246,1.04399321,0.60,-1.14
197610,0.41,-2.42,0.13,-0.18,-0.19,-0.37,-0.44,-1.0682,0.3201,-0.5163,0.21328873,-2.0396023,0.57,-0.05
197611,0.4,0.36,2.66,1.51,-1.41,0.09,2.91,-0.3773,-0.6261,0.1132,-0.365717,-0.7671567,2.08,-0.16
197612,0.4,5.65,3.64,2.27,-0.61,2.28,0.73,1.7912,-1.0562,1.1166,2.92437426,-2.3066064,-0.24,1.72
197701,0.36,-4.05,5.9,4.27,-0.51,1.97,4,1.0172,-2.1629,1.6572,3.0404142,-0.8092512,0.83,1.92
197702,0.35,-1.94,1.07,0.47,-0.16,-0.22,0.36,0.0981,1.237,0.4244,1.04710445,1.20922042,-0.40,0.64
197703,0.38,-1.37,1.31,1.09,-0.3,-0.06,0.55,-0.2503,0.3138,-0.3321,-0.6518873,-0.4107533,0.98,-0.60
197704,0.38,0.15,0.61,3.38,-2.01,1.14,4.21,1.1605,0.3746,0.7834,1.08619482,-0.9552296,1.43,2.67
197705,0.37,-1.45,1.31,0.85,0.33,0.19,2.03,0.2215,1.7144,2.6935,0.56529735,-0.0479587,2.63,1.38
197706,0.4,4.71,2.08,-0.74,0.91,-1.2,1.66,-0.7125,2.3354,2.9427,-0.9977358,1.00160218,0.25,-3.50
197707,0.42,-1.69,1.88,-0.56,0.73,0.09,0.32,1.0573,1.6654,2.4073,1.11248439,0.31831087,-0.78,-1.80
197708,0.44,-1.75,0.86,-2.7,0.98,-0.66,-1.7,-0.8401,1.421,-0.1136,-0.6110231,2.6610632,1.93,-0.43
197709,0.43,-0.27,1.43,-0.52,1.43,-0.84,2,-0.0956,1.4313,1.5155,-0.1179169,1.72791329,1.09,-0.71
197710,0.49,-4.38,1.48,1.75,-0.2,-0.3,-0.08,-0.6125,-1.0334,1.1568,0.8144809,0.37567984,-0.82,1.70
197711,0.5,4,3.64,0.26,-0.13,0.73,2.01,1.2408,2.6072,1.4818,-0.9636226,1.68150876,3.43,1.51
197712,0.49,0.27,1.59,-0.29,0.92,-0.69,1.58,0.1312,1.3266,1.8425,-0.6897661,1.97672032,1.24,0.47
197801,0.49,-6.01,2.72,3.36,-1.72,1.52,-0.66,0.9316,-1.8024,0.1592,2.49624319,-1.2496779,0.47,2.11
197802,0.46,-1.38,3.7,0.83,0.3,1.01,1.97,1.3398,0.0059,1.6506,1.44014871,-0.3292558,-0.90,1.37
197803,0.53,2.85,3.71,1.18,-0.59,1.89,1.37,2.4596,0.178,0.0973,1.60003576,-0.6683757,1.33,1.37
197804,0.54,7.88,-0.26,-3.54,2.81,-1.26,0.86,-0.3298,5.6669,0.5831,-1.1758669,3.07433781,0.70,1.42
197805,0.51,1.76,4.58,-0.52,0.22,0.41,2.83,0.8051,0.4743,0.7376,-2.2048205,3.35559442,0.81,1.98
197806,0.54,-1.69,1.56,0.57,-1.4,-0.07,2.74,0.4821,1.3479,1.1232,-0.9991557,0.96106691,1.49,-0.84
197807,0.56,5.11,0.12,-1.15,1.55,-0.78,4.17,0.3971,1.6329,2.6963,0.52211372,2.96454567,3.27,1.13
197808,0.56,3.75,4.95,-0.51,1.43,0.46,2.83,1.196,2.0147,0.6661,0.09299864,2.25924301,0.55,5.67
197809,0.62,-1.43,-0.32,1.89,-0.67,1.78,-3.14,0.4468,-3.4045,-0.8352,1.07081293,-2.7084521,-2.10,-0.94
197810,0.68,-11.91,-10.02,1.38,0.12,0.94,-8.46,-0.5956,-2.2443,0.9893,4.72714445,-2.7731356,-0.72,0.82
197811,0.7,2.71,2.81,-2.15,1.13,-1.17,5.45,-0.8624,1.31,1.5057,-3.6024924,3.52691976,-1.96,-1.83
197812,0.78,0.88,1.13,-2.13,2.01,-1.32,3.03,-1.7856,1.9383,2.5046,0.08301634,3.11190321,0.85,0.71
197901,0.77,4.23,3.78,2.19,-2.47,1.52,-1.36,2.1569,-0.7747,-1.3434,-0.9235307,-1.6818795,-1.71,2.35
197902,0.73,-3.56,0.54,1.17,-1.12,0.94,-1.06,-0.1889,-2.2888,0.5501,1.35024856,-1.2701992,1.17,0.55
197903,0.81,5.68,3.24,-0.71,0.53,0.32,2.93,1.3599,2.7614,0.6033,-2.070673,1.25647806,1.09,1.98
197904,0.8,-0.06,2.37,1.12,1.08,0.17,0.81,1.0161,2.162,-0.3026,0.44379092,1.06012397,-0.13,1.52
197905,0.82,-2.21,0.18,1.31,-1.54,-0.27,-0.54,-0.0723,-0.8405,0.543,0.6691111,-0.0754465,-0.80,-1.10
197906,0.81,3.85,1,1.44,-1.66,-0.52,0.84,-0.642,-0.9832,-1.8183,-0.1417508,-4.3574681,1.83,-2.28
197907,0.77,0.82,1.27,1.86,-0.29,0.71,-1.07,0.7427,0.5163,-0.4344,0.5229147,-1.8016799,-0.01,2.38
197908,0.77,5.53,1.92,-1.58,1.62,-1.48,-0.2,-0.3503,2.9616,0.0183,-2.7127409,2.53847237,0.44,0.62
197909,0.83,-0.82,-0.32,-0.9,1.01,0.32,5.28,0.1081,0.7035,2.9999,0.72147881,3.29009511,0.54,-0.74
197910,0.87,-8.1,-3.5,-1.84,1.01,0.07,2.01,0.072,1.0303,1.6857,0.33967103,2.82819483,-0.37,-1.28
197911,0.99,5.21,2.53,-3.29,0.06,-2.12,8.14,-2.3923,2.3423,-0.3321,-4.0573071,2.67851888,1.46,-2.45
197912,0.95,1.79,4.32,-2.1,-0.7,-0.92,4.78,-1.0325,1.1576,-0.1427,-1.1585057,3.28725765,0.92,1.09
198001,0.8,5.51,1.83,1.75,-1.7,1.64,7.55,1.6011,1.6908,0.5075,0.99803448,4.14923754,1.31,0.98
198002,0.89,-1.22,-1.57,0.61,0.04,2.68,7.88,1.7384,2.2085,3.5215,1.59019254,6.31828771,5.35,1.07
198003,1.21,-12.9,-6.93,-1.01,1.46,-1.19,-9.55,0.4902,-1.0561,-0.8975,0.6559464,-6.4354891,-2.87,-0.09
198004,1.26,3.97,1.05,1.06,-2.1,0.29,-0.43,1.292,0.1315,1.527,-1.4342116,-4.420135,0.89,-4.20
198005,0.81,5.26,2.11,0.38,0.34,-0.31,-1.12,-1.4097,-0.9435,-0.8711,-1.1940841,-0.9460453,0.54,3.66
198006,0.61,3.06,1.41,-0.76,-0.15,-1.26,1.62,-0.8706,2.8361,0.7824,-0.8448785,0.37738227,0.38,0.60
198007,0.53,6.49,3.82,-6.41,4.06,-2.43,0.39,-2.0836,-0.376,-3.2905,-3.1554024,4.53549361,-1.07,0.18
198008,0.64,1.8,4.25,-2.6,2.06,-0.86,3.21,0.574,2.5483,1.6329,-2.4048989,3.81267999,1.22,0.83
198009,0.75,2.19,0.67,-4.59,1.91,-2.76,5.39,-0.4471,5.2169,2.3899,-4.250359,4.99620504,0.45,-0.77
198010,0.95,1.06,2.33,-2.76,1.65,-1.15,7.3,0.5273,4.1939,2.6902,-2.0423317,4.09559391,1.98,-2.20
198011,0.96,9.59,-3.31,-8.33,4.5,-5.66,15.22,-1.9974,9.0598,0.5686,-7.204375,9.70704354,-3.10,-5.16
198012,1.31,-4.52,-0.29,2.79,-1.29,1.24,-6.68,0.935,-1.2569,0.0925,3.02006495,-6.7623791,0.46,1.44
198101,1.04,-5.04,3.29,6.72,-3.51,4.33,-7.95,2.4815,-4.9423,0.7415,7.0427066,-4.4600849,3.56,4.07
198102,1.07,0.57,-0.5,1.02,0.21,2.22,-1.35,1.8542,0.789,1.6319,3.60408919,-0.4504024,1.99,3.23
198103,1.21,3.56,3.02,0.64,-2.24,-0.54,0.74,-1.8348,-1.4715,-1.87,-0.1357312,-0.036435,1.03,3.57
198104,1.08,-2.11,4.59,2.28,0.83,1.24,-0.91,2.4423,1.3085,1.0692,1.04696306,1.30827559,1.59,2.09
198105,1.15,0.11,2.45,-0.42,0.3,-1.53,3.7,-0.4474,-0.1153,1.7028,-1.1769827,1.51440326,1.19,0.52
198106,1.35,-2.36,-0.96,5.13,-1.37,2.66,-5.81,2.69,0.0218,1.7127,4.85728346,-4.4906896,0.02,3.53
198107,1.24,-1.54,-2.05,-0.5,1.26,-2.54,-2.45,-2.0459,3.0661,-0.5199,-1.3084863,-0.2468332,0.08,-1.04
198108,1.28,-7.04,-1.81,4.76,-0.32,1.41,-1.15,1.4792,0.6495,2.5305,3.05713005,-1.4975303,-0.31,3.94
198109,1.24,-7.17,-2.45,5.17,0.08,2.63,1.95,3.203,0.4439,3.9584,4.76891024,0.15733305,0.70,4.18
198110,1.21,4.92,2.37,-4.21,3.15,-3.01,4.01,-1.0688,4.7505,-1.2313,-2.1338036,1.72645892,3.27,-4.82
198111,1.07,3.36,-1.51,1.83,0.08,0.95,-0.27,0.8717,0.8913,2.1547,1.84389306,-1.2517309,-1.04,3.08
198112,0.87,-3.65,1.2,0.81,0.22,2.5,1.3,1.8257,-0.4884,1.3495,2.80419547,2.59077941,-0.25,1.48
198201,0.8,-3.24,-1.14,3.19,-1.49,1.92,1.72,1.8289,-1.5697,0.6537,3.29894383,1.95071397,0.51,3.45
198202,0.92,-5.86,0.35,6.05,-3.48,4.56,4.88,4.6477,0.2604,2.9919,5.68659646,1.1411971,2.09,4.29
198203,0.98,-1.87,-0.05,3.81,-1.38,2.49,2.96,1.8158,-1.7187,2.6123,3.31914071,0.18354658,-0.35,4.16
198204,1.13,3.27,1.09,-2.7,1.57,-0.01,-0.4,1.1523,1.9335,0.5208,-1.7546191,2.45177413,1.57,-2.32
198205,1.06,-3.99,0.64,1.75,0.87,-0.3,2.5,-0.4864,-0.4619,1.0849,2.25005225,2.1541221,0.49,2.11
198206,0.96,-3.09,-0.52,1.53,0.01,2.72,4.96,2.402,-0.3307,3.2813,3.55855268,1.94334743,2.56,4.42
198207,1.05,-3.19,0.95,0.09,1.04,1.55,4.45,2.033,2.6567,3.9233,1.82618732,5.01133505,3.00,0.81
198208,0.76,11.14,-4.35,0.95,-1.89,0.09,-3.52,-0.2313,-1.113,-2.716,-1.9366675,-0.9434054,-1.00,-4.12
198209,0.51,1.29,2.61,0.28,2.14,-0.04,4.19,0.8538,3.3642,3.4851,3.1442003,0.83598821,1.95,3.96
198210,0.59,11.3,1.92,-3.66,0.29,-0.34,0.18,-0.9357,-0.7816,-0.6333,-3.7917083,-2.6160125,0.00,-6.30
198211,0.63,4.67,4.43,-1.87,-0.97,0.27,5.95,1.5525,3.282,3.9336,-1.0951124,4.91012856,5.35,-3.24
198212,0.67,0.55,-0.04,-0.02,-0.01,1.02,0.04,0.6593,-0.6188,0.0635,0.84563975,3.09181252,-2.95,2.33
198301,0.69,3.6,3.35,-0.75,-1.55,-0.58,-1.73,-0.4342,-2.1214,-1.7204,-1.9213675,0.30648692,1.45,-5.57
198302,0.62,2.59,2.92,0.7,-0.52,1.05,3.77,1.3022,3.0029,1.8809,1.84834584,3.34337238,1.50,2.96
198303,0.63,2.82,1.37,2.02,-0.17,2.74,0.92,2.9888,1.2355,2.0629,4.36328024,-2.3921764,0.53,4.08
198304,0.71,6.67,0.48,0.49,-0.11,1.42,1.72,2.2915,0.5902,2.3557,2.16203735,-0.8704373,0.72,2.13
198305,0.69,0.52,6.3,-1.4,-1.84,-1.51,-1.56,-1.4138,-3.5987,-3.7338,-3.1935589,-3.9697403,-0.41,-2.94
198306,0.67,3.07,1.18,-3.9,2.6,-0.87,1.8,-1.1767,1.5947,2.6379,-0.1390909,4.99280637,1.75,0.60
198307,0.74,-4.07,1.01,5.62,-0.14,2.81,-3.13,2.8941,1.2493,3.0759,4.25123213,-2.2403643,1.52,3.55
198308,0.76,-0.5,-4.32,5.54,0.51,1.9,-5.65,1.3062,-0.6707,0.3201,2.60499674,-2.5786534,-1.30,3.90
198309,0.76,0.91,0.3,1.01,1.24,0.5,-0.03,1.4393,3.2143,2.9507,1.12903883,1.034472,2.21,1.71
198310,0.76,-3.44,-3.77,4.97,-0.77,2.96,-4.52,2.7519,1.4329,3.7155,4.56087971,-1.0022674,1.83,4.25
198311,0.7,2.16,1.87,-0.72,-0.67,0.66,-0.13,1.0773,-0.1428,-1.7882,-0.4174964,-1.8190681,-0.04,-0.87
198312,0.73,-1.78,-0.45,1.73,1.64,1.27,0.84,1.3473,-1.5498,1.0921,4.55554011,-0.4624308,-0.06,4.11
198401,0.76,-1.92,-0.04,7.58,-0.89,2.92,-2.56,2.4216,-3.7825,0.9207,6.60665819,-5.44225,-1.55,7.57
198402,0.71,-4.82,-1.59,3.33,0.9,1.58,0.22,0.8081,-0.6922,0.767,3.12571155,0.27976134,3.12,7.08
198403,0.73,0.63,-0.29,0.46,-0.96,1.17,1.07,0.7438,-0.7087,1.3193,2.43397926,-0.7395207,-1.44,2.77
198404,0.81,-0.51,-0.95,1.2,3.34,0.76,2.07,1.1412,2.1254,2.4241,1.95646563,4.78746281,1.48,3.35
198405,0.78,-5.97,0.13,0.31,2.36,-0.46,1.51,-1.4779,1.8038,1.8653,1.01519859,4.8225577,-0.64,0.76
198406,0.75,1.82,0.11,-2.66,3.17,-1.56,-0.7,-2.224,1.7342,0.5022,-0.9900005,2.28779675,0.06,-0.94
198407,0.82,-2.74,-2.22,0.36,3.55,-2.15,2.85,-1.1333,3.5624,2.6832,1.59300519,3.21410301,0.16,1.36
198408,0.83,10.28,-0.26,-1.82,-0.68,-0.92,-5.59,-0.5642,0.9595,0.2173,-3.6023028,-4.0796818,-2.70,-3.64
198409,0.86,-0.8,-0.03,5.28,1.37,2.41,3.62,2.6125,0.2634,1.2525,4.70600398,-1.770771,0.84,6.58
198410,1,-0.84,-1.44,0.45,1.18,-1.09,3.16,-0.1114,2.7274,1.6277,1.21193347,1.62087767,0.72,0.40
198411,0.73,-1.76,-1.02,4.06,0.72,2.06,1.64,2.2324,0.8237,1.603,3.09723349,0.04887632,1.55,4.29
198412,0.64,1.84,-0.65,-0.26,1.31,-1.36,1.49,-0.7952,2.5304,1.1563,-0.5782866,1.15211449,0.42,-1.02
198501,0.65,7.99,3.51,-5.35,-0.89,-3.41,-6.82,-3.5197,0.9805,-1.7202,-4.3100819,-2.3659534,-1.35,-6.23
198502,0.58,1.22,1.04,-0.1,1.29,1.06,1.88,1.0872,1.4508,2.1784,2.69276446,1.58789971,0.22,1.72
198503,0.62,-0.84,-1.39,4.07,1.23,2.88,1.58,3.2773,0.9209,2.142,4.35237671,-0.9169049,-0.36,6.03
198504,0.72,-0.96,-0.1,3.72,1.55,0.71,3.04,1.4232,0.1512,1.8619,3.40863836,-1.2671277,0.83,3.94
198505,0.66,5.09,-2.31,-0.96,1.33,-1.49,3.99,-1.1269,3.2405,1.5343,0.54962577,2.08702631,0.13,0.52
198506,0.55,1.27,0.35,0.38,1.76,-0.77,3.57,-0.1719,2.8203,1.7054,0.25647487,1.96048728,1.35,0.91
198507,0.62,-0.74,2.87,-1.62,-0.42,-0.38,-3.91,-0.718,-1.7551,1.3672,0.6750298,0.06305057,-0.41,-0.50
198508,0.55,-1.02,-0.29,2.32,-0.1,1.83,1.85,2.0278,0.4445,1.0229,2.91128485,0.05502637,0.20,2.70
198509,0.6,-4.54,-1.8,1.29,1.14,1.64,1.51,1.9335,1.1424,1.7368,5.03895144,2.27474579,1.38,5.71
198510,0.65,4.02,-1.5,0.75,0.89,-1.06,4.88,0.2661,2.21,2.8835,0.27095585,0.31413719,0.51,1.80
198511,0.61,6.48,0.02,-2.85,0.33,-2.32,-0.47,-1.682,1.7623,-0.9011,-2.3711712,2.21307722,-1.48,-1.50
198512,0.65,3.88,-0.41,-1.54,0.99,-1.8,-0.23,-1.4596,1.6959,-0.9985,-0.5056615,1.75635973,0.58,-0.64
198601,0.56,0.65,1.01,0.44,-2,-2.03,3,-0.724,1.6676,1.7846,-1.2081668,0.67857699,1.51,-2.97
198602,0.53,7.13,-0.71,-0.72,1.06,-1.2,2.76,-1.3847,2.2307,0.7408,0.80973898,0.64304892,2.25,0.15
198603,0.6,4.88,-0.66,-0.39,1.21,0.92,2.41,1.2226,2.0063,1.6661,1.0739917,0.59232034,0.25,0.87
198604,0.52,-1.31,2.84,-2.87,2.91,0.03,-0.37,-1.5692,0.628,-0.0194,-0.0071154,4.45825596,0.94,1.35
198605,0.49,4.62,-1.29,-0.21,2.13,1.08,2.05,1.3302,3.3736,0.9855,1.07591411,1.1979997,0.92,3.01
198606,0.52,1.03,-0.89,1.28,1.8,0.87,5.07,1.7528,5.2824,0.8718,-0.1360478,3.78913651,2.59,3.16
198607,0.52,-6.45,-3.46,4.7,-0.54,0.84,1.83,1.4526,3.1619,2.8576,3.39481285,2.25837994,0.81,2.42
198608,0.46,6.07,-4.35,3.51,-1.66,3.21,-5.28,3.0245,-2.7297,1.6651,3.09692186,-4.0284112,-0.10,1.21
198609,0.45,-8.6,2.05,3.22,-0.08,3.71,-5.79,3.2313,-3.9524,-0.3259,3.77405067,-3.8574537,-1.55,1.42
198610,0.46,4.66,-2.33,-1.42,-0.05,1,4.46,0.5689,1.4996,0.6009,-2.2076014,2.38311825,4.62,-0.72
198611,0.39,1.17,-1.88,-0.07,1.09,0.67,-0.26,0.4243,1.1473,3.7063,1.89398476,3.59542807,0.76,3.01
198612,0.49,-3.27,0.12,0.36,0.79,0.09,0.35,1.0661,1.8831,1.6472,1.08982721,0.68560795,0.91,1.51
198701,0.42,12.47,-1.54,-3.16,0.17,-1,2.2,-1.2538,0.9991,2.9428,-0.1572061,4.77885607,4.23,0.25
198702,0.43,4.39,3.4,-5.91,-0.76,-2.66,-2.07,-1.9012,2.101,-0.5604,-3.8049769,1.61073441,-0.23,-2.44
198703,0.47,1.64,0.28,1.61,1.36,4.14,1.68,4.2147,-1.121,1.3151,3.61144727,1.46814924,-1.07,4.18
198704,0.44,-2.11,-1.54,-0.39,-0.49,1.05,0.22,0.3763,-1.3785,0.6453,2.23548274,2.36403233,1.39,1.22
198705,0.38,0.11,-0.56,0.23,0.51,1.14,-0.74,-0.1171,-2.3334,-0.2235,1.14063295,0.79356289,0.34,0.07
198706,0.48,3.94,-2.21,1.04,1.7,0.84,-0.25,1.4229,1.4697,-0.2278,1.25285339,-0.8937013,-0.81,3.17
198707,0.46,3.85,-1.14,0.68,-0.61,1.61,2.72,0.1261,-1.8073,-0.6309,1.0126748,1.97188922,-0.28,1.70
198708,0.47,3.52,-0.94,-0.93,2.04,-1.61,-0.86,-0.2372,3.7936,2.5282,-0.8078316,0.93790185,-0.36,-2.25
198709,0.45,-2.59,0.38,0.27,-0.97,1.87,0.77,1.9149,0.5872,1.8374,2.38472532,0.66858373,2.49,0.60
198710,0.6,-23.24,-8.07,4.24,2.04,2.34,-7.86,3.3551,0.3344,2.6169,7.30073652,-1.7620696,-0.62,4.72
198711,0.35,-7.77,2.85,2.95,-1.88,0.68,-1.17,0.5998,-0.6687,0.8926,1.59004434,-0.8764053,-0.81,1.92
198712,0.39,6.81,0.06,-4.43,2.96,-2.42,5.87,-2.426,3.8843,1.674,-5.4848844,6.65697397,-1.80,-2.92
198801,0.29,4.21,-0.51,5.01,-1.14,2.13,-7.24,1.3194,-4.0669,-1.7562,3.01041572,-8.5058548,3.34,3.57
198802,0.46,4.75,3.32,-1.71,1.56,-0.01,-1.47,-0.6254,1.0352,-0.5616,-2.0792197,1.74141561,-1.01,1.10
198803,0.44,-2.27,6.25,0.73,-0.25,1.8,0.58,1.6772,-2.1555,-2.028,1.19552018,1.84847326,3.15,3.33
198804,0.46,0.56,1.16,1.67,-0.2,1.92,2.24,2.1312,0.644,0.9061,0.9476627,1.59085516,0.70,1.16
198805,0.51,-0.29,-2.56,2.42,-0.74,0.33,0.63,0.4677,-0.1678,1.3142,2.24684454,-2.9915416,0.27,1.77
198806,0.49,4.79,2.16,-1.24,1.47,-3.37,-2.93,-3.2454,2.2288,1.8257,-3.5557635,-0.284758,0.75,-3.12
198807,0.51,-1.25,-0.21,2.22,-0.58,1.52,0.66,1.1077,-1.134,0.0197,2.67654765,-2.6359095,1.06,2.15
198808,0.59,-3.31,-0.03,2.15,-0.82,1.76,0.35,1.6686,-2.1518,-0.1886,2.82468228,-3.3439472,2.07,2.46
198809,0.62,3.3,-1.36,-0.75,1.76,-0.61,0.27,-0.42,2.1771,0.819,0.49311569,0.10747616,-0.06,1.70
198810,0.61,1.15,-2.95,2.05,1.3,1.03,1.33,0.5013,0.056,0.6653,2.41660636,0.17353843,1.00,4.69
198811,0.57,-2.29,-1.65,1.41,-0.28,1.62,0.33,1.3928,-0.4884,0.3746,1.29018078,0.5063749,1.07,2.41
198812,0.63,1.49,2.01,-1.69,0.69,-0.38,0.49,0.4539,0.7818,0.5134,-1.8694401,3.26552113,-1.23,-1.12
198901,0.55,6.1,-2.31,0.6,-0.95,0.14,-0.16,0.0107,-0.3507,1.5548,-0.2662299,-0.9263578,0.16,-1.90
198902,0.61,-2.25,2.71,1.01,-0.87,1.81,0.99,1.5631,-0.4588,-0.1586,1.01993813,-0.4617771,-0.25,-0.07
198903,0.67,1.57,0.68,0.58,0.05,0.72,3.51,1.2637,-0.142,0.7382,1.3435034,-1.0578818,1.37,0.28
198904,0.67,4.33,-0.78,-1.42,0.71,-0.57,1.77,-0.2841,1.1641,-0.2715,-1.927159,1.8710873,1.47,0.50
198905,0.79,3.35,-0.01,-0.88,0.49,-0.08,1.52,0.1016,1.1975,0.366,-1.2464987,1.02475758,1.98,-0.28
198906,0.71,-1.35,-1.09,2.25,0.27,1.56,0.43,1.593,-0.1521,-0.9466,2.33439828,-2.8172123,-0.67,4.29
198907,0.7,7.2,-4.15,-2.79,1.98,-0.58,5.41,-0.4503,4.9063,2.4612,0.46137314,3.68573519,3.35,2.42
198908,0.74,1.44,0.48,0.6,0.39,-0.58,-0.12,-0.4255,1.6506,0.1478,-0.5668114,-1.1646264,0.27,1.09
198909,0.65,-0.76,0.49,-1.27,1.4,0.5,3.4,1.1982,1.6439,1.9118,0.87108124,1.48221396,0.05,0.75
198910,0.68,-3.67,-3.3,-1.11,0.11,-0.04,1.32,1.2994,1.4077,2.335,0.6693426,4.61567506,0.00,1.84
198911,0.69,1.03,-1.29,-1.09,-0.86,1.41,2.6,1.6323,0.2405,-0.6582,1.18771365,2.71234268,0.72,1.15
198912,0.61,1.16,-2.27,0.16,-0.07,1.42,2.8,1.5752,1.0677,2.4137,1.4751352,3.24780477,1.40,0.54
199001,0.57,-7.85,-1.31,0.85,-1.17,1.35,-3.27,0.925,0.0355,-0.2262,0.28783928,1.58851531,0.15,0.81
199002,0.57,1.11,1.17,0.64,-0.03,-0.66,-0.55,-1.0948,-0.3925,0.0956,-1.5959237,-0.8009212,1.49,-1.57
199003,0.64,1.83,1.62,-2.92,2.04,-1.02,1.8,-0.3645,2.2864,1.6703,-2.1026174,5.5525021,0.95,-0.39
199004,0.69,-3.36,-0.33,-2.59,1.78,-0.98,2.39,-0.7918,1.9801,0.6246,-0.783876,3.89011174,0.95,-0.68
199005,0.68,8.42,-2.35,-3.83,1.57,-1.68,3.03,-0.8618,3.7369,2.6144,-3.9954206,3.41381771,1.75,-3.26
199006,0.63,-1.09,1.35,-1.93,-1.03,-0.39,2.4,0.2453,2.2253,-0.2721,-1.3590717,3.75605526,1.26,-0.82
199007,0.68,-1.9,-3.16,-0.03,-0.18,3.21,6.1,4.0112,2.5571,-0.0068,2.92177607,3.89567961,1.24,3.92
199008,0.66,-10.15,-3.87,1.64,-0.35,2.96,1.88,3.7203,-0.9983,1.2731,4.86614886,0.85630016,2.21,3.16
199009,0.6,-6.12,-3.74,0.64,0.06,3.67,5.78,2.6212,-0.4552,2.7381,4.44727851,5.9956385,4.16,2.90
199010,0.68,-1.92,-5.12,0.1,2.97,-0.3,6.71,0.2605,2.077,3.0536,0.40611526,7.09840771,2.82,1.92
199011,0.57,6.35,0.07,-3.1,0.65,-4.74,-5.48,-3.9833,1.5215,-0.8312,-4.5650904,-4.3978447,1.12,-3.07
199012,0.6,2.46,0.67,-1.7,2.73,-1.89,0.29,-1.9466,3.8535,1.4665,-2.2225514,0.89007721,-0.63,1.97
199101,0.52,4.69,3.91,-1.6,1.28,-3.99,-6.45,-3.9503,0.1591,1.5865,-3.1420812,-0.3612491,4.94,-5.64
199102,0.48,7.19,3.94,-0.58,-0.2,-0.33,-4.61,0.1463,-1.2402,-0.6779,-0.7954193,-3.6773808,-1.27,-3.13
199103,0.44,2.65,3.83,-1.39,-0.53,-1.06,2.87,-0.9285,1.6779,0.0366,-3.4920539,0.93081605,2.62,-0.67
199104,0.53,-0.28,0.31,1.5,0.62,0.74,-2.36,0.4677,1.3981,0.6157,1.23201225,-1.0833346,0.76,1.23
199105,0.47,3.65,0.14,-0.52,2,-2.43,-0.11,-1.9526,-0.7118,-1.0619,-0.3307925,-1.2594495,0.71,-0.53
199106,0.42,-4.94,0.24,1.15,1.79,0.65,0.47,0.6135,1.3683,0.4831,2.3409824,0.52906024,0.18,4.14
199107,0.49,4.24,-0.96,-1.32,1.6,-1.36,4.32,-0.6418,3.0468,0.3864,-1.5353269,3.83931183,1.00,-2.31
199108,0.46,2.32,1.4,-0.78,0.84,-0.34,1.57,-0.0359,1.1586,-0.2496,-2.0748803,1.78746432,1.24,-2.68
199109,0.46,-1.59,1.56,-1.08,-1.82,0.08,1.79,-0.8242,-0.3644,0.2084,0.50322987,0.24265347,0.17,0.52
199110,0.42,1.29,0.91,-0.47,-1.7,-0.23,3.06,1.3518,-0.0451,3.2018,1.80783622,1.74610645,1.43,-1.24
199111,0.39,-4.19,-0.83,-1.89,1.11,0.01,1.14,0.3063,3.2845,0.3457,-1.9161673,4.03719311,2.26,0.14
199112,0.38,10.84,-2.4,-4.17,3.55,-3.12,8.19,-2.0278,6.7592,-0.4648,-2.8602044,7.03854157,2.73,-3.72
199201,0.34,-0.59,9.18,4.71,-1.32,3.2,-2.49,1.5044,-4.0675,1.5419,0.5305709,-5.0489782,-2.04,-4.79
199202,0.28,1.09,1.33,6.47,0.08,2.19,-0.53,2.2609,0.7464,2.2092,2.36646105,-2.6088665,1.95,0.60
199203,0.34,-2.66,-0.93,3.56,-0.01,1.95,-0.29,2.0114,1.0075,2.0118,4.45753728,-1.3113582,0.52,6.41
199204,0.32,1.07,-5.7,4.34,1.69,2.23,-2.58,1.8032,-1.7011,2.0023,6.35639688,-3.3343678,-0.28,8.54
199205,0.28,0.3,0.21,1.19,-0.95,0.48,0.21,0.2946,-0.2076,-0.7499,0.59465706,-0.7132186,1.43,0.10
199206,0.32,-2.34,-2.73,3.24,-0.05,1.01,-0.58,0.6498,1.0499,0.7786,1.94214481,-2.4620915,1.10,4.30
199207,0.31,3.77,-0.62,-0.56,1.3,-0.91,1.56,0.3915,2.5486,-0.024,0.26967511,1.70295562,0.74,0.33
199208,0.26,-2.38,-0.42,-1.1,3.72,-1.65,-0.51,-0.7708,1.5206,-0.8624,0.57292256,3.93310178,2.25,3.24
199209,0.26,1.19,0.48,-0.26,1.64,-0.59,1.49,-0.3975,2.3975,-0.8276,-0.1345332,1.28480549,2.47,0.28
199210,0.23,1.02,2.07,-1.98,1.24,-0.79,2.48,-0.3589,2.1272,0.61,-3.1257971,2.10839989,2.55,-2.31
199211,0.23,4.13,3.94,-1.35,-0.68,-1.59,-0.15,-1.1712,0.9448,-0.1423,-3.7025931,-1.0526126,1.25,-3.57
199212,0.28,1.53,1.68,2.62,-0.48,0.84,4.31,1.4108,1.8297,1.04,0.93034663,-0.9657652,1.73,1.87
199301,0.23,0.93,1.93,5.94,-1.84,2.91,4.83,2.9827,-1.4431,0.0495,2.25999568,-2.4731901,0.18,1.11
199302,0.22,0.12,-3.45,6.42,-0.42,4.13,3.14,3.6569,-1.4786,2.1469,5.41468817,-3.6017988,0.73,8.83
199303,0.25,2.3,0.09,1.18,-0.15,0.9,3.73,0.9273,1.7906,0.5639,0.78083311,0.52804937,2.50,0.41
199304,0.24,-3.05,-0.85,2.49,-3.61,1.38,0.38,1.201,-3.0656,1.9917,3.73175735,-3.0608181,0.16,2.34
199305,0.22,2.89,1.9,-3.42,-0.12,-1.04,0.22,-0.8479,-0.5601,-0.273,-2.3365176,2.27139906,0.75,-6.35
199306,0.25,0.31,0.13,2.75,-0.92,1.21,4.55,1.8188,3.004,1.4634,1.6843268,-2.284056,-0.27,-0.29
199307,0.24,-0.34,0.95,2.85,-1.87,2.06,3.16,1.4591,-0.5623,0.8502,3.8173704,-2.2555328,0.04,2.53
199308,0.25,3.71,0.1,0.13,-1.54,-0.04,2.65,-0.0614,0.4572,0.7642,0.05136919,1.38961096,0.63,0.04
199309,0.26,-0.12,2.98,-0.31,0.24,-0.16,3.37,0.2696,0.9427,1.3638,-0.3870027,2.8140248,2.61,-1.13
199310,0.22,1.41,1.89,-2.76,0.57,0.6,-2.72,-0.5641,-1.4093,-1.4198,0.2417123,-0.1406197,-0.45,-1.02
199311,0.25,-1.89,-1.27,-0.74,2.23,-0.94,-4.74,-0.7507,-0.7095,0.1379,-0.6283207,-0.7526335,2.19,0.91
199312,0.23,1.65,1.4,0.32,1.16,-0.34,2.36,-0.2555,2.3869,2.2733,0.19904141,2.16041425,0.12,0.16
199401,0.25,2.87,-0.06,1.15,-1.66,1.43,0,1.1272,-0.922,0.9311,-0.2242487,-2.4575845,1.20,0.69
199402,0.21,-2.55,2.67,-1.54,2.14,-1,-0.3,-0.4691,2.6619,1.598,-1.1889836,3.19969069,0.35,-0.30
199403,0.27,-4.78,-1.04,1.6,0.69,1.28,-1.27,0.9681,0.2218,1.3513,2.74885414,-0.2146455,-1.00,2.69
199404,0.27,0.68,-1.01,1.66,1.07,1.11,0.39,1.2741,1.529,1.5131,0.94021965,-0.8405212,0.37,0.19
199405,0.31,0.58,-2.56,0.67,0.6,0.68,-2.19,0.512,-0.7588,1.4199,2.31548891,-4.4251167,0.99,-2.17
199406,0.31,-3.03,-0.5,1.67,1.21,1.47,-0.87,0.9202,0.1932,1.3288,3.8054794,-1.6662516,1.71,2.81
199407,0.28,2.82,-1.85,0.58,-0.65,0.14,0.18,0.4259,0.7148,-0.0945,0.70869714,-0.0980793,1.07,0.87
199408,0.37,4.01,1.37,-2.51,0.95,-1.47,1.55,-0.6915,2.061,2.6805,-3.5288956,3.4970781,-2.49,-0.09
199409,0.37,-2.31,2.8,-1.89,0.52,0.93,1.31,0.5879,1.0911,0.9738,0.8927092,3.53549992,0.87,0.37
199410,0.38,1.34,-2.3,-1.62,0.23,-0.68,1.49,0.1613,0.3556,2.448,-0.4832778,4.55441937,1.26,0.34
199411,0.37,-4.04,0.07,-0.7,0.42,-0.5,-0.18,-1.0042,1.3703,1.4457,0.05509485,2.81743798,0.32,1.74
199412,0.44,0.86,0,-0.13,0.37,0.38,3.48,1.2933,3.9844,3.7209,1.19227723,2.13106428,1.08,2.06
199501,0.42,1.8,-3.06,2.57,0.17,-0.75,-1.81,-0.0027,-0.063,1.1177,1.01010018,-1.928484,-0.87,1.64
199502,0.4,3.63,-0.54,1.08,0.59,-0.33,-0.39,-0.8485,0.5097,1.2099,-0.2609692,-1.5807673,-0.32,-1.16
199503,0.46,2.19,-0.51,-2.15,-0.17,0.22,0.43,0.1685,1.2654,0.7805,-0.0788881,2.22256167,-0.65,0.33
199504,0.44,2.11,-0.22,1.71,0.41,0.9,1.79,0.0068,0.142,3.4497,1.77789916,-0.3072607,0.98,0.67
199505,0.54,2.9,-2.19,2.29,0.39,0.04,-0.42,0.8586,-1.0066,1.4624,2.31914798,-2.8655625,0.70,2.59
199506,0.47,2.72,3.06,-2.54,-0.33,-2.44,2.93,-1.7465,2.1275,1.8099,-3.7411318,3.12932313,0.40,-3.49
199507,0.45,3.72,2.09,-1.62,0.3,-1.65,2.56,-2.5443,0.9451,0.3138,-3.6759645,2.54615146,1.73,-4.67
199508,0.47,0.55,1.75,2.79,-1.24,1.62,0.16,2.1996,0.1383,1.2954,2.03075917,-4.4629741,1.58,-0.79
199509,0.43,3.35,-1.88,-0.04,1.03,0.36,2.9,1.9328,1.3917,3.123,1.57113088,0.97143268,3.12,0.68
199510,0.47,-1.52,-4.04,-0.5,1.91,-0.05,4.16,0.7822,2.7798,4.4585,3.88193002,5.10380296,1.80,4.47
199511,0.42,3.96,-1.07,0.51,-0.62,1.12,-0.68,1.1261,-0.2398,-1.2715,1.31570669,-0.610311,-0.94,1.10
199512,0.49,1.03,0.72,0.22,-1.37,3.1,2.52,3.1163,0.2794,0.4029,4.02184492,-1.5864639,0.30,3.85
199601,0.43,2.26,-2.56,0.38,0.18,2.31,0.54,2.451,-1.5087,1.4014,2.58524404,-2.690858,-0.50,-0.53
199602,0.39,1.33,1.77,-1.08,0.24,-1.9,0.59,-0.9876,3.1394,0.7364,-1.8708325,3.22683361,-0.22,0.08
199603,0.39,0.73,1.61,0.35,1.42,-0.95,-1.84,-0.6897,0.2756,-1.3301,0.34085153,0.12650946,0.07,1.42
199604,0.46,2.06,4.71,-4.02,-0.14,-2.11,-0.88,-1.8073,2.8673,1.1731,-6.0907129,3.26440595,1.16,-5.25
199605,0.42,2.36,3.21,-0.83,0.12,-0.3,1.54,1.0265,1.864,-1.4379,-0.8881892,2.31231089,0.59,0.57
199606,0.4,-1.14,-3.65,2.35,3.51,1.22,0.98,1.7381,0.866,1.6996,4.62452041,0.08709121,-0.32,4.41
199607,0.45,-5.97,-3.81,5.14,2.95,2.6,-0.16,2.0165,2.415,2.9393,6.48373177,1.22612125,0.82,7.98
199608,0.41,2.77,2.57,-0.74,-0.37,-2.42,0.01,-1.8529,0.1305,-1.3704,-3.7854236,-0.6395874,0.05,-4.44
199609,0.44,5.01,-1.39,-2.72,1.27,-2.22,2.7,-1.7381,2.2071,2.9315,-2.1434574,2.00646125,1.60,-2.09
199610,0.42,0.86,-3.77,4.94,1.4,3.25,3.79,3.6633,1.8831,3.2184,5.93690306,0.95226298,1.77,5.33
199611,0.41,6.25,-3.8,1.39,2.12,-0.79,-2.37,-1.3109,0.8165,5.389,0.66958104,0.33371561,-0.91,1.07
199612,0.46,-1.7,3.25,1.31,0.37,1.49,0.63,1.2254,0.9371,1.7538,1.91268321,0.03573654,1.52,1.46
199701,0.45,4.99,-1.82,-1.42,1.19,-0.02,1.96,-0.6466,1.8159,2.5674,0.4405051,3.41918164,1.18,-1.77
199702,0.39,-0.49,-2.59,5.67,0.67,3.47,-2.13,2.9153,-1.5374,0.6426,6.8139613,-3.5575849,-0.90,6.72
199703,0.43,-5.03,-0.43,3.39,0.5,1.66,0.9,1.7515,1.7708,0.2068,3.86859046,-0.8740746,0.49,5.53
199704,0.43,4.04,-5.7,0.07,3.26,-0.72,4.84,-1.8801,3.8599,2.9932,2.24590092,2.47813133,2.24,4.32
199705,0.49,6.74,4.75,-4.13,-1.02,-2.96,-5.17,-3.2305,-0.2201,-1.4972,-5.5651837,-2.1717355,-0.97,-7.23
199706,0.37,4.1,1.19,1.58,0.56,0.66,2.6,0.2313,2.1092,0.1107,0.8275387,1.22574862,3.04,1.54
199707,0.43,7.33,-2.76,0.26,0.07,-2.58,3.77,-3.0399,1.2853,1.2829,-1.114758,0.69273108,-1.32,-1.82
199708,0.41,-4.15,7.61,1.18,-1.11,-0.04,-2.56,-0.7059,-1.4198,0.4401,-0.94362,-0.5904784,0.41,-2.38
199709,0.44,5.35,2.49,0.37,-1.63,-0.91,1.47,-0.1259,-1.0418,-2.6061,-0.8293199,-1.6860719,-0.24,-3.27
199710,0.42,-3.8,-0.52,2.27,1,1.94,-0.57,2.6609,-1.0477,-1.4187,1.82018979,-3.3375876,-3.49,1.43
199711,0.39,2.98,-5.11,1.2,2.81,1.84,0.33,2.8803,1.4029,3.6732,4.40627877,1.430382,0.53,5.69
199712,0.48,1.32,-2.03,3.84,0.74,1.92,3.98,2.2364,1.5724,-2.3996,3.19374248,-0.4171916,2.32,2.32
199801,0.43,0.15,-1.36,-1.63,0.87,-0.73,0.14,-1.2061,2.1884,2.5942,-0.6583635,1.93692395,0.15,-1.00
199802,0.39,7.04,0.2,-0.85,-0.31,-2.54,-1.12,-2.453,1.1388,-0.2956,-1.641993,-0.5199028,1.91,-2.80
199803,0.39,4.76,-0.65,1.39,-0.26,-0.37,2.15,0.4996,-0.1759,-1.0612,-1.0258685,-1.9048066,0.96,-1.03
199804,0.43,0.73,0,0.94,-1.69,-0.36,0.74,0.1834,-0.1992,2.2959,0.81866699,-0.3479149,1.88,0.87
199805,0.4,-3.07,-2.95,3.44,1.1,2.61,1.82,2.2554,1.7795,1.0564,3.87388228,1.38976645,-0.37,4.71
199806,0.41,3.18,-3.66,-1.96,-0.26,-2.97,7.28,-1.5159,3.159,0.4225,-0.4367509,7.55707003,1.15,-1.09
199807,0.4,-2.46,-5.27,-1.78,1.74,0.45,3.69,1.8848,0.9703,2.8077,3.16128789,0.59393067,3.07,6.03
199808,0.43,-16.08,-5.17,3.53,3.37,5.91,1.84,5.4604,3.0578,6.7132,6.86011113,6.36333134,1.73,9.79
199809,0.46,6.15,-0.78,-3.42,-1.88,-2.99,-0.81,-3.0812,-1.8265,1.275,-0.5883513,0.65061239,4.64,-5.63
199810,0.32,7.13,-3.43,-2.23,0.93,0.31,-5.37,-0.9612,0.6389,-0.5144,-0.9305921,-4.5958929,-4.21,0.38
199811,0.31,6.1,0.75,-3.25,-0.86,-1.18,1.2,-0.0254,1.3699,1.2936,-0.0930804,-0.3312724,3.22,-1.45
199812,0.38,6.16,-1.56,-4.19,-0.76,-3.39,8.92,-2.9332,2.9291,-2.2555,-1.8323473,8.98708474,6.58,-3.89
199901,0.35,3.5,-0.75,-4.6,-2.77,-6.8,3.03,-4.4699,-3.2508,-1.0681,-3.4341266,-2.6181047,3.01,-4.28
199902,0.35,-4.08,-5.22,1.92,-1.23,4.1,-0.1,4.8135,0.016,0.0109,3.63991497,-3.0641704,-1.95,4.04
199903,0.43,3.45,-4.23,-2.74,-4.07,-1.42,-1.27,0.3158,-0.6922,0.4002,-2.0418591,-2.1766263,2.64,-2.32
199904,0.37,4.33,4.52,2.46,-2.53,0.89,-9.04,2.6555,-5.152,0.4435,0.69057771,-9.6749665,-3.27,6.72
199905,0.34,-2.46,3.71,2.35,0.93,3.34,-5.19,0.4504,0.6804,1.8903,2.45449312,0.70992187,2.10,1.85
199906,0.4,4.77,2.29,-3.19,1.13,-3.21,5.06,-2.1112,2.391,4.329,-0.5442724,3.75648484,1.26,-2.35
199907,0.38,-3.49,2.57,-0.44,0.36,3.22,1.66,3.4338,1.0281,1.9786,4.61921363,-0.4015846,1.18,3.90
199908,0.39,-1.38,-1.73,-1.87,-0.24,0.64,3.12,-1.1989,-0.0297,4.6299,3.30283703,3.22710561,0.75,3.08
199909,0.39,-2.79,2.59,-3.49,-0.75,-1.23,6.47,-1.3826,-0.1695,-1.0359,0.11775265,6.35946298,-0.63,-4.05
199910,0.39,6.12,-6.91,-3.37,-1.74,-1.19,5.5,0.3316,2.0317,1.7882,-1.7775378,-0.7499201,4.81,-5.06
199911,0.36,3.37,5.8,-6.12,-4.28,-1.74,5.64,-3.931,-3.0073,1.1586,-4.3749552,6.60772557,1.67,-11.47
199912,0.44,7.72,5.39,-8.33,-7.6,-5.63,13.22,-5.4904,-5.4444,-0.6029,-3.228556,10.54244217,5.26,-10.03
200001,0.41,-4.74,4.42,-1.88,-6.29,4.72,1.92,2.9355,-4.9998,0.6319,1.20187773,-2.5193896,0.66,1.07
200002,0.43,2.45,18.28,-9.59,-18.65,-0.48,18.2,-5.3931,-7.5531,-3.1144,-7.8095031,7.84819981,11.98,-24.56
200003,0.47,5.2,-15.32,8.13,11.79,-1.59,-6.83,1.835,7.6849,3.5075,0.21887682,-0.5140119,0.36,13.98
200004,0.46,-6.4,-5.01,7.26,7.66,5.65,-8.39,3.7873,8.7094,5.1049,4.48778595,2.69237088,-2.09,6.99
200005,0.5,-4.42,-3.81,4.75,4.13,1.37,-8.98,0.5085,0.0196,3.7037,7.72724976,-3.6916119,-1.93,5.99
200006,0.4,4.64,9.92,-8.42,-8.31,-2.95,16.6,-3.3905,-4.7546,-1.8045,-7.8659486,2.53210973,-0.05,-15.96
200007,0.48,-2.51,-1.03,8.31,5.83,2.94,-0.05,2.2468,3.4292,3.2749,6.02138968,1.11237446,0.34,7.27
200008,0.5,7.03,-1.03,-1.39,-3.22,1.1,5.73,-0.7996,-2.082,-1.098,-0.7291048,-0.4012472,4.12,-2.85
200009,0.51,-5.45,0.19,7.17,2.56,5.53,1.97,5.2247,2.1026,0.7955,5.46433888,-0.8309891,3.29,8.63
200010,0.56,-2.76,-2.65,5.71,9.61,3.8,-4.48,2.9226,7.3215,6.4705,7.5404764,9.23490089,0.46,10.74
200011,0.51,-10.72,-0.58,12.3,13.07,8.43,-2.32,7.4487,10.3593,10.9018,12.44131343,14.85357514,0.56,18.79
200012,0.5,1.19,3.26,7.61,1.71,4.79,6.74,6.3542,5.186,0.5126,5.96384435,0.7329443,-3.36,6.11
200101,0.54,3.13,5.48,-5.07,-4.69,-5.03,-25.3,-7.1285,-10.7883,-6.1594,-7.3960202,-15.8411517,-3.00,-10.07
200102,0.38,-10.05,2.83,12.47,9.1,9.07,12.57,9.2309,5.2077,6.3589,14.58304217,18.52235042,0.29,20.42
200103,0.42,-7.26,2.33,6.42,3.35,3.92,8.55,3.7704,3.474,2.6585,7.6805088,11.87296576,2.41,9.47
200104,0.39,7.94,-0.86,-4.67,-3.06,-3.2,-7.9,-3.754,0.0915,-5.4515,-8.9322567,-6.3087101,1.72,-8.71
200105,0.32,0.72,3.6,3.36,0.25,1.91,2.21,2.3804,-2.5165,-0.2513,3.59148188,0.41383822,-0.25,0.55
200106,0.28,-1.94,6.57,-1.12,1.6,-1.51,0.38,-1.7973,-0.806,1.9723,2.36575147,0.00879241,3.98,0.05
200107,0.3,-2.13,-2.82,5.21,7.42,3.07,5.58,1.3768,3.8735,5.5121,6.85895354,8.43647128,-4.31,8.33
200108,0.31,-6.46,2.71,2.31,4.05,6.57,5.53,5.641,4.3155,5.6455,7.27975903,7.01247112,2.50,9.10
200109,0.28,-9.25,-5.73,1.45,4.99,3.21,11.48,2.8644,9.192,5.7667,7.32797304,11.81183218,4.61,5.94
200110,0.22,2.46,5.27,-7.65,-2.98,-4.55,-8.47,-2.9867,-4.3754,-0.5555,-7.2361958,-4.4823247,-1.93,-9.10
200111,0.17,7.54,-0.31,2.21,-3.73,-1.61,-8.69,-1.1391,-8.4893,-2.9927,-3.111605,-5.2835307,-1.36,-2.70
200112,0.15,1.6,5.16,0.84,0.34,-0.26,0.07,-0.1753,0.5419,-2.257,-0.7364704,0.27188121,3.59,0.54
200201,0.14,-1.44,1.26,3.44,4.69,2.84,3.75,3.2498,0.3033,4.2877,6.05431954,7.4430458,1.93,8.25
200202,0.13,-2.29,-0.36,2.16,8.07,5.11,6.82,4.4456,5.3235,3.7643,5.59356597,6.44421776,1.20,11.42
200203,0.13,4.24,4.25,1.06,-1.78,0.58,-1.64,0.7761,-4.7001,-0.5528,-3.1108685,-4.9959269,0.83,-1.52
200204,0.15,-5.2,6.72,3.88,4.56,5.38,7.63,4.0731,5.4639,4.0819,4.25481864,5.4168762,5.51,13.07
200205,0.14,-1.38,-3.02,1.53,2.36,2.44,3.16,2.1865,1.8111,0.6156,2.80928481,3.0859287,0.36,5.58
200206,0.13,-7.21,3.89,-0.05,3.93,2.51,6.03,3.5485,4.9409,0.5052,3.30488689,4.82587349,-0.96,5.26
200207,0.15,-8.18,-6.43,-3.85,3.79,-0.99,3.77,1.9786,6.7016,4.9683,4.67993667,3.08261285,-0.51,8.02
200208,0.14,0.5,-1.31,3.28,1.36,-1.47,1.9,-0.8574,2.5491,-1.7192,0.50710162,1.28535004,0.15,1.43
200209,0.14,-10.35,3.08,1.47,3.29,-2.19,9.13,-2.1364,4.4049,1.1299,-0.5859379,5.82353045,2.28,1.79
200210,0.14,7.84,-4.31,-3.95,-3.39,0.76,-5.58,0.2843,-4.5614,1.5123,0.54106247,0.28116233,-3.63,-5.13
200211,0.12,5.96,2.91,-1.23,-9.2,5.15,-16.33,3.2719,-11.1725,-3.1022,1.27443335,-9.22034,0.86,-9.99
200212,0.11,-5.76,0.62,2.14,6.29,-1.68,9.64,-2.2589,5.3188,2.2776,-0.2190628,4.90805403,-1.77,7.36
200301,0.1,-2.57,0.7,-0.83,-0.99,0.69,1.55,0.6982,-0.589,0.7808,1.98395828,1.20291971,2.01,-0.46
200302,0.09,-1.88,-0.93,-1.39,0.83,-0.62,1.17,-0.1272,0.8778,1.3997,1.67526832,1.23965023,-0.38,0.86
200303,0.1,1.09,0.65,-1.93,1.87,-0.77,1.48,-0.1257,3.4092,-0.9347,-1.1851198,2.48803927,2.25,-2.59
200304,0.1,8.22,1.02,1.14,-4.68,1.06,-9.33,1.0369,-4.4513,-2.9391,0.06045163,-6.7367559,-2.30,-4.64
200305,0.09,6.05,4.81,0.4,-7,2.91,-10.7,1.848,-8.2331,-1.6245,-2.3816489,-5.2971104,-0.37,-5.94
200306,0.1,1.42,1.66,0.11,0.51,-0.38,-1,-1.0629,1.0948,-0.1291,-1.9198312,1.31636207,0.56,0.33
200307,0.07,2.35,4.54,-1.24,-4.14,1.78,-0.24,2.3405,-1.7422,-0.8789,1.25210656,-1.6009896,0.94,-2.97
200308,0.07,2.34,2.48,1.53,-2.25,2.14,-0.62,2.3621,-1.2384,-1.6327,-2.1367494,1.86343769,0.74,-2.97
200309,0.08,-1.24,0.54,0.16,1.01,0.34,-0.19,0.2279,1.2631,2.3261,2.50606722,-2.2197677,-0.71,2.26
200310,0.07,6.08,2.71,1.97,-1.35,1.55,3.99,1.031,-1.7507,-0.5642,0.00564452,1.12462125,3.71,-1.05
200311,0.07,1.35,2.33,1.78,0.19,1.81,1.46,2.3052,0.7767,0.5379,0.74149672,0.22785219,2.53,2.77
200312,0.08,4.29,-2.49,1.6,0.56,0.94,-5.57,0.774,-1.7394,-1.3486,-0.6095739,-5.1237096,-1.63,0.60
200401,0.07,2.15,2.45,2.49,-3.66,3.38,2.58,2.0585,-2.4364,0.837,1.40500135,-1.4992531,-1.07,-2.37
200402,0.06,1.4,-0.93,0.9,2.17,-1.21,-1.14,-0.8855,2.1354,-0.0152,-1.1842429,-1.5520007,-0.40,2.92
200403,0.09,-1.32,2.1,0.27,1.56,-0.98,0.17,-0.7352,1.7567,-1.0578,-1.5236307,0.7093203,1.24,-0.68
200404,0.08,-1.83,-2.01,-3.1,3.45,-2.84,-5.38,-2.9001,0.0193,1.427,-2.3659239,-0.4240986,0.98,5.26
200405,0.06,1.17,-0.38,-0.25,-1.18,0.03,1.5,0.551,1.068,-0.2178,0.30304364,0.98592972,0.16,-3.53
200406,0.08,1.86,2.56,1.18,1.2,-0.39,2.05,-0.2618,0.5621,0.6322,0.89528218,1.69500208,2.60,1.17
200407,0.1,-4.06,-2.95,3.24,5.32,-1.66,-2.29,-0.9772,2.4066,3.0646,2.27342197,-1.2302229,1.55,4.72
200408,0.11,0.08,-1.13,0.97,1.23,-1.47,-1.59,-1.1997,-1.2272,0.176,0.64875809,-4.6368288,0.42,1.37
200409,0.11,1.6,3.27,0,-1.49,-1.88,5.49,-2.2121,-0.2123,-1.6176,-2.6785935,3.33301812,1.20,-2.31
200410,0.11,1.43,0.19,-0.22,-0.52,0.49,-1.38,0.584,-1.4399,0.0033,1.30173556,-0.8756816,-0.40,-0.69
200411,0.15,4.54,4.11,1.41,-0.58,-0.22,3.16,-0.4263,-1.1342,-1.6565,-1.2661103,0.00136552,-1.13,-0.27
200412,0.16,3.43,-0.05,-0.22,-1.16,0.46,-2.87,0.3018,-0.8598,-1.1293,-0.7979013,-1.7346167,0.32,0.64
200501,0.16,-2.76,-1.17,2.06,2.74,-1.46,3.05,-0.4036,3.2457,1.2576,0.88457941,2.02265691,0.43,6.24
200502,0.16,1.89,-0.31,1.54,1.43,-0.05,3.37,0.2917,3.5726,0.6662,-1.6318126,3.75771629,0.58,-1.31
200503,0.21,-1.97,-1.42,2.04,0.47,1.29,0.41,0.9394,0.535,1.8949,1.0870094,3.36362082,0.12,2.96
200504,0.21,-2.61,-3.98,0.07,0.97,-0.94,-0.69,-1.4563,-1.1019,2.1604,-0.7066906,-0.3488775,0.01,0.09
200505,0.24,3.65,2.79,-0.64,-1,0.3,0.45,-0.0579,0.9641,0.4214,0.38068501,1.61187404,1.95,-1.50
200506,0.23,0.57,3.28,2.83,0.96,-0.51,2.05,-0.1983,-0.4264,-0.4164,-0.0590392,-1.8016732,-0.25,-1.64
200507,0.24,3.92,2.81,-0.79,-1.19,-0.82,0.06,-2.0714,-0.2083,-0.4054,-1.1802175,-0.112746,0.01,-2.93
200508,0.3,-1.22,-0.89,1.32,-2.05,0.37,2.08,0.2355,-0.6848,-0.6039,-0.0057521,0.82657621,0.30,-2.20
200509,0.29,0.49,-0.34,0.71,0.27,-0.6,3.43,-0.0266,0.8619,0.2637,-0.5591619,1.7733369,3.25,-1.08
200510,0.27,-2.02,-1.45,0.42,-0.93,-1.3,-1.39,-0.3149,1.1011,-0.5498,1.35339502,-1.8283769,-0.51,-2.18
200511,0.31,3.61,0.84,-1.16,-0.76,-1.14,0.35,-1.0482,0.7751,-0.6043,-0.869905,1.53992023,0.91,-0.50
200512,0.32,-0.25,-0.2,0.2,0.21,0.23,0.77,0.8804,0.2287,1.093,-1.3217635,-0.9359613,-0.92,-1.16
200601,0.35,3.04,5.75,1.08,-0.64,-0.46,2.53,-0.6797,-0.2611,0.8783,-3.9937464,1.13580822,-0.32,-3.37
200602,0.34,-0.3,-0.42,-0.34,-0.51,1.91,-1.84,2.4381,-0.9978,-1.0257,2.71107608,-1.5108193,-0.63,0.68
200603,0.37,1.46,3.38,0.6,0.06,-0.41,1.26,-1.3435,0.7652,-0.7877,-2.040857,2.78106105,2.05,-0.39
200604,0.36,0.73,-0.84,2.34,1.8,0.01,0.64,0.3427,0.826,-0.127,-0.6377756,0.56871707,0.66,0.85
200605,0.43,-3.57,-2.85,2.41,1.15,1.46,-3.7,1.3126,-0.0785,-1.5898,2.44827942,-3.5627218,1.32,2.94
200606,0.4,-0.35,-0.24,0.85,1.32,-0.07,1.54,-0.3976,1.0467,0.6316,-0.6860615,0.93874193,1.34,0.38
200607,0.4,-0.78,-3.63,2.6,1.63,0.9,-2.12,1.3479,0.5439,3.2046,3.17146006,-1.2601456,-1.14,4.22
200608,0.42,2.03,0.44,-2.06,-1.86,2.09,-3.38,1.9253,-1.3348,-0.1456,1.33003156,-2.0607577,-1.82,1.55
200609,0.41,1.84,-1.46,0.08,0.82,0.6,-0.96,0.9827,0.6311,0.9507,1.21710197,0.15288091,-0.40,3.19
200610,0.41,3.23,1.98,-0.31,-0.12,0.28,-0.2,0.1978,-0.2983,0.4435,-1.1926778,-0.2587309,-2.56,-0.90
200611,0.42,1.71,0.71,0.14,0.15,-0.8,-1.03,-1.5945,0.4951,-0.8997,-1.3287407,-1.0828516,0.06,-0.43
200612,0.4,0.87,-0.81,2.73,-0.72,2.06,0.79,1.8255,-0.5587,-1.2249,1.85519198,-0.7877374,-0.59,2.89
200701,0.44,1.4,0.07,-0.68,0.25,0.38,0.24,0.6262,0.0525,0.0683,-0.8505698,0.08658196,-0.78,-0.15
200702,0.38,-1.96,1.29,-0.14,-0.51,-0.71,-1.35,-0.9689,-0.7332,-0.0687,-1.1571507,0.15326036,-0.51,-1.18
200703,0.43,0.68,0.2,-0.97,0.64,-0.65,2.56,-1.1827,0.4443,-0.2037,-1.531652,4.55119788,1.38,-1.23
200704,0.44,3.49,-2.04,-1.45,1.15,1.03,-0.24,0.8508,0.5382,1.1127,-0.4013446,0.97373069,-1.64,-0.58
200705,0.41,3.24,0.4,-0.65,1.58,-1.36,-0.34,-2.3062,0.5284,0.1331,-0.0670298,1.26998113,1.29,-0.73
200706,0.4,-1.96,0.74,-1.05,0.53,0.08,0.51,0.952,1.213,-0.5925,-1.5679396,2.11235079,1.47,-0.24
200707,0.4,-3.73,-2.99,-3.71,0.2,-1.13,2.94,-2.2506,1.5445,0.0496,-2.3332276,6.69002999,1.35,-0.63
200708,0.42,0.92,-0.37,-1.86,-1.21,-0.53,0.1,-1.32,0.9285,0.4943,-1.2126681,-0.5248513,0.63,-0.74
200709,0.32,3.22,-2.44,-2.21,-0.52,-3.02,4.63,-3.2001,1.6183,-0.4745,-3.8511332,3.52125078,3.58,-5.05
200710,0.32,1.8,-0.08,-2.98,-0.3,-0.09,5.02,0.4574,1.2267,0.3453,-0.4639503,8.0784263,1.20,-1.23
200711,0.34,-4.83,-3.02,-0.94,1.89,-0.29,0.99,0.1771,3.5961,1.4361,1.34296701,6.55013981,-0.31,1.44
200712,0.27,-0.87,0.15,-0.55,0.87,-1.05,6.63,-0.6026,2.3146,1.0642,-1.6383066,6.87117337,3.02,-1.33
200801,0.21,-6.36,-0.65,3.97,2.14,2.14,-7.75,1.3985,-0.335,-0.8164,4.52722525,-9.1241273,-2.93,3.68
200802,0.13,-3.09,-0.66,-0.84,0.88,-0.93,6.1,-1.508,1.8089,1.36,-1.6993982,10.26234643,-0.12,1.22
200803,0.17,-0.93,0.56,0.3,0.79,0.5,4.27,-0.3522,2.3694,-0.0305,0.06200739,4.98737044,-0.61,-0.25
200804,0.18,4.6,-1.2,-0.94,1.64,-2.47,-0.31,-2.3209,-0.8157,3.3207,-1.7222807,1.91222309,-0.61,-2.66
200805,0.18,1.86,3.02,-1.43,0.93,-0.06,3.31,-0.3475,-0.3489,0.0573,-5.2229417,8.77023993,1.85,-4.24
200806,0.17,-8.44,1.18,-2.71,4.96,-0.55,12.75,-0.1854,6.3701,1.042,-5.7946917,15.43530599,3.29,-2.46
200807,0.15,-0.77,3.72,5.42,-1.37,1.08,-5.13,1.8031,-0.0192,-0.0866,6.79425851,-7.244668,-4.74,3.48
200808,0.13,1.53,3.46,1.59,1.86,0.84,-4.02,0.9417,-0.9233,2.0556,2.64885181,-0.812077,-2.67,5.16
200809,0.15,-9.24,0.25,5.91,2.41,1.78,0.28,3.1609,1.6471,3.451,5.79251371,-0.4028502,1.29,9.19
200810,0.08,-17.23,-3.34,-2.3,3.04,2.05,7.85,1.0392,5.8889,6.7419,4.46490598,10.03464428,1.73,5.79
200811,0.03,-7.86,-3.89,-6.31,4.53,2.75,7.17,0.5016,3.5054,2.2205,1.70413613,11.71162485,0.63,5.27
200812,0,1.74,3.29,0.14,0.06,-1.49,-5.09,-2.3563,-0.6256,-0.7984,0.64590592,-2.0510333,-1.78,0.09
200901,0,-8.12,-2.14,-11.29,0.18,-1.17,-2.18,-0.9195,-0.7397,2.4443,-6.8253034,10.1565773,0.67,-2.64
200902,0.01,-10.1,-1.32,-6.95,1.19,-1.02,4.41,-1.8632,2.9127,2.997,-1.6991424,11.12504797,1.93,0.27
200903,0.02,8.95,0.67,3.47,-2.52,-2.25,-11.87,-0.4563,-3.3319,0.0621,1.75539755,-5.9077928,-0.63,2.04
200904,0.01,10.18,7.13,5.36,1.31,0.13,-34.3,3.5317,-13.9902,-1.9211,-1.3631719,-21.4543975,-9.03,1.19
200905,0,5.21,-2.32,0.28,-0.78,-2.17,-12.49,-2.4121,-3.2921,-0.587,-4.8459825,-7.5219713,-3.24,-5.46
200906,0.01,0.43,2.29,-2.73,-1.41,-0.33,5.48,0.4848,0.9567,2.5897,1.30538802,4.73786015,-2.30,-0.39
200907,0.01,7.72,2.39,4.83,-0.46,3.14,-5.55,2.0193,-4.9457,-1.0228,1.84072799,-8.417254,1.49,0.41
200908,0.01,3.33,-0.09,7.63,-3.02,3.34,-9.07,2.2891,-2.5812,-1.5559,0.16310617,-9.7095586,-0.07,1.04
200909,0.01,4.08,2.73,1.05,1.31,0.36,-4.79,-1.1383,-2.7953,-2.6452,-1.4151563,-2.7339017,0.90,-4.82
200910,0,-2.59,-4.93,-4.21,4.17,-1.51,2.61,-0.2528,3.9382,2.9368,1.69275511,6.33464857,-1.86,6.20
200911,0,5.56,-2.68,-0.34,1,0.12,0.3,-0.3339,1.0111,-0.3241,0.03632629,0.02991807,0.03,-2.01
200912,0.01,2.75,6.24,-0.17,1.02,-0.09,3.01,-0.1381,-1.8542,-0.126,-0.7740542,2.42536214,-0.88,-4.34
201001,0,-3.36,0.34,0.43,-1.27,0.46,-5.4,0.6653,-1.0677,-0.6848,0.56707895,-7.6663948,-2.51,0.93
201002,0,3.4,1.51,3.23,-0.27,1.43,3.74,0.703,-1.0406,-0.5169,1.09609177,1.01131923,-0.12,0.80
201003,0.01,6.31,1.85,2.21,-0.65,1.69,3.76,1.6201,-0.5102,-1.6988,-0.9944807,-0.7991924,-1.46,1.56
201004,0.01,2,4.98,2.89,0.69,1.72,3.16,3.063,-2.4885,-2.3485,0.91441154,-3.6411668,-1.74,1.76
201005,0.01,-7.89,0.04,-2.44,1.3,-0.21,-0.25,-0.4777,2.7377,1.741,0.75208623,3.18566985,1.24,2.47
201006,0.01,-5.57,-2.47,-4.7,-0.16,-1.55,-2.76,-2.491,1.3467,1.9119,-1.0836559,3.19243424,2.68,0.57
201007,0.01,6.93,0.12,-0.31,0.24,2.01,1.88,1.2168,-0.8604,0.3729,1.69588588,-0.639466,-1.81,-0.19
201008,0.01,-4.77,-3.15,-1.9,0.53,-1.59,-0.06,-1.7234,-0.5062,-0.7079,-2.0008919,3.84791681,2.52,-0.23
201009,0.01,9.54,3.75,-3.16,-0.21,0.38,1.41,1.142,0.509,0.0709,-0.6255426,2.67435198,2.57,-2.57
201010,0.01,3.88,0.8,-2.43,1.19,-0.26,1.58,-0.0223,0.6453,0.4586,0.00610376,3.09060323,1.64,0.28
201011,0.01,0.6,3.67,-0.96,0.45,1.59,2.66,1.8646,-0.0799,-0.6143,0.79234305,1.99284036,0.37,0.27
201012,0.01,6.82,1.03,3.7,-3.44,3.16,-3.03,3.0162,-3.6797,-2.2361,-0.5846706,-8.1114329,-2.18,-2.69
201101,0.01,1.99,-2.43,0.83,-0.76,0.83,-0.29,1.2925,0.5331,-1.3043,-0.0944539,-0.9755368,-0.05,1.70
201102,0.01,3.49,1.65,1.27,-1.94,0.88,1.99,1.442,-1.648,-0.8408,0.28523628,1.30091615,2.19,-0.02
201103,0.01,0.46,2.62,-1.83,1.76,-0.03,3.4,-0.1315,-0.9575,0.3227,-0.5904374,3.02001555,0.76,-0.43
201104,0,2.9,-0.55,-2.43,1.01,-0.8,0.04,-0.9779,1.5871,1.1108,2.25953518,3.88108286,-0.36,0.92
201105,0,-1.27,-0.63,-2.12,2.08,-1.59,-0.62,-1.0351,0.1308,1.3826,0.78382285,1.2946321,-0.54,1.96
201106,0,-1.75,0.16,-0.42,2.49,-1.53,1.78,-1.1515,2.8113,1.0009,0.38782242,2.10890579,1.13,3.06
201107,0,-2.35,-1.2,-0.9,2.68,-1.81,0.18,-2.0383,0.7486,0.6584,-0.7614022,2.58980129,0.72,1.86
201108,0.01,-5.99,-3.2,-2.36,3.3,-0.38,-0.28,-1.3168,2.5889,2.7071,1.46357552,5.95885942,1.06,2.61
201109,0,-7.59,-3.66,-1.72,2.04,0.24,-2.42,0.0766,-0.7641,4.899,3.68902921,4.85748375,7.71,4.90
201110,0,11.35,3.46,0.1,-2.16,-0.86,-1.43,-0.5881,2.1402,-1.7028,-1.1007334,-3.8147269,-5.38,-3.46
201111,0,-0.28,-0.28,-0.46,1.86,1.49,3.84,1.5253,0.5804,1.2225,1.86962527,3.5845647,2.74,3.31
201112,0,0.74,-0.33,1.63,0.98,2.52,1.81,2.6695,1.1493,-0.5716,2.00850248,-1.1518511,-0.46,2.12
201201,0,5.05,2.06,-0.97,-2.01,-1.43,-7.91,-0.574,-0.6313,-1.3395,-4.0850458,-6.41423,-1.39,-5.03
201202,0,4.42,-1.71,0.43,-0.48,-0.01,-0.29,0.0789,0.2919,0.0238,-2.0453145,-1.9826725,0.23,-1.12
201203,0,3.11,-0.47,1.14,-0.54,0.74,1.3,1.4304,1.6789,1.8088,1.67508062,-2.0597464,0.84,0.57
201204,0,-0.85,-0.55,-0.78,1.3,0.65,3.75,0.8585,1.0202,-0.3846,1.1369702,2.91774217,-0.45,0.63
201205,0.01,-6.19,-0.12,-1.07,2.08,2.31,6.49,2.6809,1.6079,2.3605,1.65092943,4.92785549,-1.22,3.15
201206,0,3.89,0.84,0.62,-1.09,0.46,-1.06,1.0217,-1.7619,0.3509,2.1698565,-2.3585578,1.92,-0.23
201207,0,0.79,-2.78,-0.02,1.1,0.05,3.04,0.5093,1.5194,0.9808,-1.5704907,2.34525304,1.12,2.88
201208,0.01,2.55,0.44,1.3,-1.33,-0.84,-2.37,-1.4664,-0.5072,-0.3883,-1.9874322,-2.509883,-2.47,-2.54
201209,0.01,2.73,0.61,1.6,-1.49,1.55,-1.14,1.2038,0.1979,-0.6925,1.16295703,-2.2208088,0.09,-0.83
201210,0.01,-1.76,-0.89,3.59,-1.34,2.5,0.14,1.8508,0.4723,-3.7218,2.26402052,-3.0765386,0.70,1.59
201211,0.01,0.78,0.46,-0.84,0.6,0.84,0.49,0.7994,1.7203,0.1868,0.20601043,3.50031684,0.72,-0.68
201212,0.01,1.18,1.89,3.51,-1.85,0.91,-2.86,-0.8369,-1.9895,-2.6235,0.39338125,-3.5002374,-0.80,-2.07
201301,0,5.57,0.48,0.96,-1.93,1.41,-1.79,1.5622,-2.0267,-1.6667,3.44280659,-3.1431865,0.40,-1.09
201302,0,1.29,-0.25,0.11,-0.67,0.52,1.29,0.7303,0.0662,0.438,1.68739069,-0.3627658,1.62,3.09
201303,0,4.03,0.85,-0.19,0.14,1.38,1.92,1.292,0.5017,-1.1605,1.19224263,-2.1108394,0.82,0.90
201304,0,1.55,-2.25,0.45,0.27,0.37,0.22,0.1008,-1.049,-0.2802,0.82473481,-0.2793097,-2.25,-0.03
201305,0,2.8,2.06,2.63,-1.97,-0.87,-2.02,-1.6629,-0.4309,-1.411,0.5525752,-2.5927051,-0.12,-2.15
201306,0,-1.2,1.57,0.03,-0.38,0,0.52,0.7117,-0.1152,0.5336,1.71966441,-1.5936961,1.64,-0.01
201307,0,5.65,1.81,0.57,-1.35,0.51,1.76,0.6492,-0.4789,-1.1004,0.36570248,-1.8764054,1.36,-1.35
201308,0,-2.71,-0.06,-2.69,0.66,-2.16,0.02,-1.7886,0.5747,0.1682,-3.1220064,1.0243683,0.68,-2.94
201309,0,3.77,2.63,-1.22,-0.58,-1.36,3.06,-0.7386,-0.9744,-1.0177,-1.3322198,1.38915003,1.25,-2.27
201310,0,4.18,-1.48,1.25,2.78,0.87,0.08,1.1612,1.337,0.7823,0.64423169,3.46578685,0.76,5.53
201311,0,3.13,1.41,0.32,0.14,0.04,0.44,0.0148,1.5473,1.2051,0.99571614,-1.314879,-0.63,0.79
201312,0,2.81,-0.45,-0.02,-0.46,0.09,0.02,0.7392,-0.1739,-1.7385,-0.3993397,-0.7755482,-0.91,0.16
201401,0,-3.32,0.58,-2.07,-3.88,-1.42,1.71,-0.2918,-2.3112,0.3524,-2.8505979,-1.5802679,0.10,-5.44
201402,0,4.65,0.14,-0.31,-0.23,-0.45,2.07,-0.6297,-1.4762,-0.0127,-0.2438791,0.6478154,1.51,-0.74
201403,0,0.43,-1.09,4.93,2.13,1.92,-3.29,2.7038,1.7701,1.5414,3.22468957,-0.1080618,-1.52,5.74
201404,0,-0.19,-4.12,1.17,3.48,1.02,-3.89,0.8015,1.0756,0.6944,0.42522229,-0.038278,-3.05,2.40
201405,0,2.06,-1.89,-0.13,0.05,-1,0.87,-0.9378,-0.6562,0.5021,-1.8046375,0.16251686,0.62,-0.39
201406,0,2.61,3.11,-0.7,-1.89,-2,0.69,-2.6584,-2.5842,0.2611,-2.3029315,-2.233551,0.06,-4.06
201407,0,-2.04,-4.29,0.03,0.89,0.52,-0.12,0.7158,1.1954,1.2336,1.26381417,0.58641246,0.59,1.34
201408,0,4.24,0.31,-0.45,-0.64,-0.7,0.82,-0.9247,0.1376,0.233,-0.9449883,-0.6436812,-1.10,-1.39
201409,0,-1.97,-3.72,-1.34,1.3,-0.51,0.5,-0.3101,3.0633,2.1813,1.73989636,1.27120925,3.02,2.69
201410,0,2.52,3.73,-1.81,-0.57,-0.11,-0.06,0.5283,1.6899,-0.1556,1.00098097,0.13880384,2.48,1.51
201411,0,2.55,-2.28,-3.09,1.5,0.27,0.69,0.3424,2.5253,0.4493,2.29381099,5.52872537,1.82,2.96
201412,0,-0.06,2.86,2.27,-1.22,0.96,1.12,0.4723,-0.6556,0.2993,1.14374263,-0.0035138,2.12,-0.84
201501,0,-3.11,-0.92,-3.58,1.61,-1.65,3.84,-1.0729,-0.3707,1.4078,-2.267783,5.06156168,-0.20,1.42
201502,0,6.13,0.32,-1.86,-1.12,-1.82,-2.82,-1.3938,0.0837,-0.9756,-1.238747,-3.0025672,-2.28,-3.67
201503,0,-1.12,3.07,-0.37,0.09,-0.52,2.74,-0.2615,0.8338,-0.0421,-1.9165685,0.59636589,2.24,-0.64
201504,0,0.59,-3.09,1.82,0.06,-0.61,-7.27,-0.8011,-2.1972,-0.2287,0.81779188,-4.1800189,-3.38,0.56
201505,0,1.36,0.83,-1.14,-1.79,-0.74,5.82,-0.612,1.4466,0.2946,-0.4976481,1.07703476,-0.34,-0.51
201506,0,-1.53,2.9,-0.79,0.44,-1.58,3.01,-2.4461,1.2477,-0.7174,-0.7182971,0.38740227,1.97,-0.34
201507,0,1.54,-4.55,-4.13,0.3,-2.41,9.98,-2.7296,4.3509,2.583,0.41917215,7.05822564,5.75,0.98
201508,0,-6.04,0.25,2.77,0.68,1.19,-2.09,1.1632,0.7598,0.2619,0.72534473,1.326857,-0.10,1.93
201509,0,-3.07,-2.79,0.56,1.77,-0.58,5.22,0.3072,4.2729,3.4773,3.72837704,7.90260078,2.68,5.59
201510,0,7.75,-2.07,-0.46,0.88,0.52,-3.28,0.6524,-2.314,1.0362,2.401984,-0.6116477,-1.40,-1.13
201511,0,0.56,3.31,-0.42,-2.75,-0.99,2.28,-0.5479,-1.7097,0.4651,-0.2080294,-0.9790558,1.11,-3.32
201512,0.01,-2.17,-2.99,-2.61,0.5,-0.02,3.36,0.328,2.9435,3.3336,1.74583477,4.70685971,0.01,1.39
201601,0.01,-5.77,-3.47,2.09,2.82,3.08,1.44,2.7736,5.3293,4.7834,3.15136921,11.02032362,0.76,10.11
201602,0.02,-0.07,0.88,-0.57,3.25,2.02,-4.38,1.7188,2.0303,-0.1345,1.45889517,2.36680175,-3.67,3.01
201603,0.02,6.96,1.07,1.19,0.77,-0.08,-5.01,-0.7057,-2.1273,-2.7531,-0.9720493,-4.9963854,-1.27,-0.81
201604,0.01,0.91,1.23,3.28,-2.97,1.9,-6.02,1.2916,-7.2338,-5.236,-0.4983625,-10.8024702,-2.86,-3.40
201605,0.01,1.78,-0.61,-1.66,-1.09,-2.48,1.42,-2.2596,0.9368,2.2551,-1.4277605,0.21080378,-2.71,-2.10
201606,0.02,-0.05,0.45,-1.48,1.4,1.94,4.13,0.4911,0.273,-0.8264,-0.5873802,4.56037756,3.26,2.10
201607,0.02,3.95,2.48,-1.32,1.26,-1.18,-3.34,-2.1903,-0.5211,2.2562,-0.2730178,-1.8868393,-1.05,-2.05
201608,0.02,0.49,1.68,3.18,-1.85,-0.34,-3.49,-0.2318,-2.3925,-0.3905,1.85473851,-4.9411208,-1.08,-0.75
201609,0.02,0.25,1.85,-1.24,-2.21,0.03,0.19,0.2096,-3.078,-0.9288,-0.9429824,-2.1727865,3.92,-3.09
201610,0.02,-2.02,-4.02,4.09,0.93,0.28,0.6,0.869,3.0152,2.029,3.24433534,2.00088411,-1.36,4.25
201611,0.01,4.86,7.07,8.21,-0.18,3.7,-4.62,2.978,-0.971,-2.5338,4.89806227,-7.6984654,2.32,1.69
201612,0.03,1.81,0.41,3.53,1.22,-0.23,-0.26,-0.2455,1.5371,0.8248,0.45338273,0.48585982,-1.68,4.51
201701,0.04,1.94,-1.46,-2.75,-0.49,-0.99,-0.93,-2.0241,-1.3102,0.6337,0,0,-1.65,-3.99
201702,0.04,3.57,-2.22,-1.67,0.47,-1.83,-1.65,-2.2401,2.0078,2.4684,0,0,-1.34,-0.39
201703,0.03,0.17,0.74,-3.35,0.61,-0.94,-1.02,-1.2934,1.9001,1.2334,0,0,1.66,-0.12
201704,0.05,1.09,0.48,-2.13,1.9,-1.6,0.48,-1.5686,1.0154,1.6603,0,0,0.72,0.64
201705,0.06,1.06,-3.06,-3.78,0.95,-1.79,1.48,-1.559,1.3157,2.6916,0,0,1.50,0.72
201706,0.06,0.78,2.58,1.48,-2.22,0,-0.09,-0.5345,-1.3137,-1.8834,0,0,-0.65,-2.18
201707,0.07,1.87,-1.69,-0.31,-0.64,-0.2,1.68,-0.4273,1.5286,1.0232,0,0,0.86,-1.19
201708,0.09,0.16,-1.82,-2.09,0.14,-2.38,3.26,-2.8801,0.3901,1.5301,0,0,1.21,-1.61
201709,0.09,2.51,4.78,3.14,-1.47,1.69,-1.32,3.1398,0.4385,-1.7837,0,0,-2.02,0.64
201710,0.09,2.25,-1.94,0.2,0.93,-3.25,4.27,-3.3035,1.3832,2.8967,0,0,1.07,1.27
201711,0.08,3.12,-0.33,-0.03,3.16,-0.05,-0.87,-0.4945,1.8841,1.165,0,0,0.58,4.99
201712,0.09,1.06,-1.07,0.06,0.74,1.69,-1.54,1.7408,0.3386,-1.0643,0,0,-0.13,-1.12
201801,0.12,5.57,-3.18,-1.29,-0.76,-0.96,4.05,-1.2905,-1.2835,2.5698,0,0,2.99,-1.28
201802,0.11,-3.65,0.32,-1.04,0.52,-2.37,3.58,-1.6974,-0.7709,4.466,0,0,1.30,-0.41
201803,0.11,-2.35,3.59,-0.21,-0.46,0.01,-1.13,-0.1097,0.1504,0.463,0,0,-0.28,-2.27
201804,0.14,0.28,0.93,0.54,-2.42,1.3,0.36,1.586,-0.0324,-0.8221,0,0,-0.72,-2.13
201805,0.14,2.65,4.73,-3.2,-2.04,-1.5,3.89,-0.9636,-1.7547,2.3324,0,0,1.77,-2.21
201806,0.14,0.48,0.8,-2.34,0.79,0.24,-2.35,-0.3929,1.4065,0.0872,0,0,0.74,-1.19
201807,0.16,3.19,-1.93,0.47,1.56,0.35,-1.41,0.4681,1.9791,1.4064,0,0,-2.24,3.92
201808,0.16,3.44,0.64,-3.94,-0.31,-2.7,5.29,-2.4129,0.3628,4.167,0,0,5.77,-2.10
201809,0.15,0.06,-2.48,-1.7,0.63,1.29,0.04,1.45,0.7193,0.9718,0,0,0.86,1.42
201810,0.19,-7.68,-4.46,3.4,0.94,3.59,-1.99,4.1724,1.2653,-0.7543,0,0,-0.05,5.82
201811,0.18,1.69,-0.77,0.3,-0.55,0.39,-1.37,-0.9826,0.6932,2.7784,0,0,0.21,-3.97
201812,0.2,-9.57,-2.88,-1.84,-0.02,0.21,2.11,-0.8421,1.2754,2.4925,0,0,2.11,1.25
201901,0.21,8.4,3.03,-0.46,-0.8,-1.51,-8.68,-0.9971,-3.9593,-7.1445,0,0,-2.70,-5.05
201902,0.18,3.4,1.74,-2.67,0.12,-1.59,0.86,-2.5881,0.527,1.3807,0,0,0.28,-1.38
201903,0.19,1.1,-3.51,-4.17,0.9,-0.95,2.21,-0.4832,0.0942,0.6648,0,0,-0.18,0.23
201904,0.21,3.97,-1.17,2.15,1.61,-2.22,-2.97,-2.4268,1.8378,1.0612,0,0,1.65,1.73
201905,0.21,-6.94,-1.59,-2.37,-0.46,1.77,7.56,1.5221,0.6472,0.171,0,0,1.86,-0.77
201906,0.18,6.93,0.37,-0.71,0.9,-0.44,-2.3,-0.2681,-0.1339,-0.4102,0,0,2.00,-0.07
201907,0.19,1.19,-1.78,0.48,-0.08,0.36,2.89,0.1745,0.4834,1.3001,0,0,2.37,2.53
201908,0.16,-2.58,-3.24,-4.78,0.56,-0.68,6.92,-1.0153,1.8765,1.5138,0,0,4.41,0.78
201909,0.18,1.43,0.27,6.75,1.84,3.37,-6.81,2.9758,1.7112,-1.8618,0,0,-2.28,8.14
201910,0.16,2.06,0.26,-1.91,0.44,-0.96,0.15,-0.6405,0.8396,1.9432,0,0,0.02,1.26
201911,0.12,3.87,0.44,-2.02,-1.59,-1.24,-2.66,-1.0307,-1.3054,-0.6352,0,0,-0.36,-4.86
201912,0.14,2.77,0.97,1.75,0.01,1.24,-1.77,1.8016,-1.2858,-0.7662,0,0,-0.52,0.10
202001,0.13,-0.11,-4.38,-6.25,-1.17,-2.32,5.98,-2.3964,-0.4568,2.4581,0,0,-0.59,-4.74
202002,0.12,-8.13,0.04,-3.81,-1.47,-2.51,-0.4,-2.2206,-0.4626,1.5515,0,0,0.60,-5.19
202003,0.13,-13.39,-8.28,-13.87,-1.57,1.24,7.97,2.1202,5.8395,11.9071,0,0,6.39,-2.68
202004,0,13.65,2.56,-1.33,2.72,-1,-5.23,-0.1436,-1.9135,-2.7459,0,0,-2.45,-2.95
202005,0.01,5.58,1.97,-4.88,0.95,-3.26,0.43,-3.7099,-0.6115,0.7014,0,0,0.19,-3.19
202006,0.01,2.46,1.96,-2.2,0.09,0.54,-0.73,0.2574,1.1653,1.6956,0,0,4.39,0.26
202007,0.01,5.77,-3.2,-1.41,0.41,1.02,7.61,-1.3813,3.3555,1.3992,0,0,2.06,-2.32
202008,0.01,7.63,-0.89,-2.97,4.28,-1.19,0.55,-2.9853,-0.7089,-1.6697,0,0,2.45,-0.60
202009,0.01,-3.63,0.01,-2.71,-1.36,-1.85,3.12,-2.5136,1.1375,0.8072,0,0,-0.85,-1.64
202010,0.01,-2.1,4.64,4.25,-0.83,-0.78,-3.05,-0.4067,-2.6512,0.0726,0,0,-1.15,1.29
202011,0.01,12.47,7.11,2.09,-2.2,1.4,-12.43,3.1876,-14.3089,-9.8294,0,0,-2.32,-4.97
202012,0.01,4.63,4.79,-1.51,-1.96,-0.12,-2.32,-2.7157,-4.1575,-1.0062,0,0,-0.21,-3.01
202101,0.01,-0.03,6.94,3.01,-3.78,4.94,4.5,6.4987,-1.9992,-7.1561,0,0,-3.54,-2.08
202102,0,2.78,4.54,7.15,0.39,-1.94,-7.89,-0.6657,-6.1829,-5.6844,0,0,0.55,3.38
202103,0,3.08,-0.88,7.39,6.36,3.42,-6.14,4.6803,4.4253,-1.4957,0,0,-3.03,10.69
202104,0,4.93,-3.16,-0.95,2.44,-2.7,1.16,-3.3593,2.2228,2.1599,0,0,2.41,2.39
202105,0,0.29,1.22,7.09,2.45,3.04,0.88,4.4315,2.5653,-1.5652,0,0,2.53,6.31
202106,0,2.75,-0.34,-7.87,-2.14,-0.94,2.2,-2.5541,-1.2674,3.6784,0,0,-1.97,-5.88
202107,0,1.27,-4.61,-1.78,5.46,-0.52,-2.28,-1.5395,7.473,5.3209,0,0,0.47,3.31
202108,0,2.91,-0.68,-0.15,-0.28,-1.79,2.45,-2.054,1.2468,2.3736,0,0,0.20,-1.00
202109,0,-4.37,1.12,5.08,-1.96,2.1,1.49,3.2832,-1.7584,-4.6872,0,0,-0.02,-3.21
202110,0,6.65,-2.7,-0.49,1.66,-1.45,3.19,-2.2802,3.3116,3.3914,0,0,3.20,-3.20
202111,0,-1.55,-1.77,-0.45,7.2,1.73,0.88,-0.3591,8.3907,4.796,0,0,1.06,6.58
202112,0.01,3.1,-0.8,3.26,4.91,4.4,-2.6,5.2655,3.7494,1.2502,0,0,-0.12,8.92
202201,0,-6.25,-4.06,12.75,0.84,7.72,-2.6,10.3845,0.7958,-3.3889,0,0,-3.19,10.03
202202,0,-2.29,2.92,3.08,-2.09,3.12,1.76,3.6933,-2.3836,-4.2422,0,0,3.40,-2.82
202203,0.01,3.05,-2.17,-1.81,-1.53,3.14,3.01,3.2339,-0.112,-1.4303,0,0,-1.25,-2.05
202204,0.01,-9.46,-0.39,6.17,3.52,5.89,4.87,6.0285,4.6841,0.0161,0,0,-0.96,9.61
202205,0.03,-0.34,-0.06,8.39,1.56,3.97,2.43,5.733,1.064,1.2622,0,0,-1.35,4.24
202206,0.06,-8.43,1.3,-5.97,1.81,-4.69,0.75,-5.6119,1.0063,1.4046,0,0,-1.25,-2.71
202207,0.08,9.57,1.82,-4.05,0.82,-6.83,-3.95,-5.596,-2.0623,2.3743,0,0,-2.19,-3.04
202208,0.19,-3.77,1.52,0.29,-4.75,1.29,2.04,2.7022,-2.6136,-3.4257,0,0,-1.91,-0.87
202209,0.19,-9.35,-1.05,0.05,-1.51,-0.8,3.51,-0.3029,1.1599,1.6949,0,0,1.78,-1.20
202210,0.23,7.83,1.89,8.01,3.34,6.64,3.96,7.5208,5.1531,-0.895,0,0,-4.03,10.15
202211,0.29,4.6,-2.74,1.38,6.38,3.18,-1.98,2.1134,2.5263,1.3382,0,0,-2.99,5.86
202212,0.33,-6.41,-0.15,1.37,0.25,4.2,4.55,3.9516,-0.4662,-0.4092,0,0,2.35,3.54
202301,0.35,6.65,4.41,-4.01,-2.44,-4.47,-16.01,-5.4623,-4.2413,-2.0987,0,0,,
202302,0.34,-2.58,0.66,-0.81,1.01,-1.33,0.15,-1.3424,2.9243,1.9794,0,0,,
202303,0.36,2.51,-6.94,-8.85,2.24,-2.37,-2.47,-3.2743,1.1849,6.312,0,0,,
202304,0.35,0.61,-2.56,-0.04,2.42,2.86,1.62,3.0871,-1.0976,-0.5297,0,0,,
202305,0.36,0.35,-0.38,-7.72,-1.81,-7.22,-0.63,-6.9667,-1.1789,1.7062,0,0,,
202306,0.4,6.46,1.34,-0.26,2.18,-1.62,-2.37,-1.4515,4.2909,0.2824,0,0,,
202307,0.45,3.21,2.86,4.11,-0.57,0.57,-3.98,-0.5918,-0.6995,-1.0095,0,0,,
202308,0.45,-2.39,-3.65,-1.06,3.43,-2.37,3.77,-0.8323,5.1629,5.0538,0,0,,
202309,0.43,-5.24,-1.8,1.52,1.86,-0.83,0.26,-0.5022,3.3765,3.0499,0,0,,
202310,0.47,-3.19,-4.04,0.19,2.46,-0.66,1.73,-0.3951,5.771,4.6495,0,0,,
202311,0.44,8.84,-0.1,1.65,-3.89,-0.99,2.72,-2.2334,-3.8269,-3.2768,0,0,,
,,,,,,,,0.4286,-3.6554,-4.2574,0,0,,